timeStamp,elapsed,label,responseCode,responseMessage,threadName,dataType,success,failureMessage,bytes,sentBytes,grpThreads,allThreads,Latency,IdleTime,Connect
1497142135977,353,Login,200,OK,Scaled-Version_HTTP_noconpool_10_threads 8-1,text,true,,11820,217,4,27,353,0,188
1497142136052,299,Login,200,OK,Scaled-Version_HTTP_noconpool_10_threads 8-2,text,true,,11820,217,4,28,299,0,131
1497142136161,269,Login,200,OK,Scaled-Version_HTTP_noconpool_10_threads 8-3,text,true,,11820,217,5,34,264,0,133
1497142136332,150,Search,200,,Scaled-Version_HTTP_noconpool_10_threads 8-1,text,true,,1309,191,6,36,150,0,0
1497142136353,151,Search,200,,Scaled-Version_HTTP_noconpool_10_threads 8-2,text,true,,1309,191,5,28,151,0,0
1497142136270,279,Login,200,OK,Scaled-Version_HTTP_noconpool_10_threads 8-4,text,true,,11820,217,4,29,279,0,133
1497142136432,133,Search,200,,Scaled-Version_HTTP_noconpool_10_threads 8-3,text,true,,1309,183,4,27,133,0,0
1497142136364,286,Login,200,OK,Scaled-Version_HTTP_noconpool_10_threads 8-5,text,true,,11820,217,4,31,276,0,139
1497142136550,134,Search,200,,Scaled-Version_HTTP_noconpool_10_threads 8-4,text,true,,1309,191,5,28,134,0,0
1497142136474,274,Login,200,OK,Scaled-Version_HTTP_noconpool_10_threads 8-6,text,true,,11820,217,4,28,274,0,131
1497142136651,132,Search,200,,Scaled-Version_HTTP_noconpool_10_threads 8-5,text,true,,1309,183,5,29,132,0,0
1497142136568,277,Login,200,OK,Scaled-Version_HTTP_noconpool_10_threads 8-7,text,true,,11820,217,4,28,277,0,137
1497142136749,140,Search,200,,Scaled-Version_HTTP_noconpool_10_threads 8-6,text,true,,1309,191,5,26,140,0,0
1497142136661,285,Login,200,OK,Scaled-Version_HTTP_noconpool_10_threads 8-8,text,true,,11820,217,4,24,285,0,136
1497142136846,140,Search,200,,Scaled-Version_HTTP_noconpool_10_threads 8-7,text,true,,1309,191,4,20,140,0,0
1497142136771,277,Login,200,OK,Scaled-Version_HTTP_noconpool_10_threads 8-9,text,true,,11820,217,3,16,277,0,139
1497142136947,133,Search,200,,Scaled-Version_HTTP_noconpool_10_threads 8-8,text,true,,1309,192,3,14,133,0,0
1497142136864,270,Login,200,OK,Scaled-Version_HTTP_noconpool_10_threads 8-10,text,true,,11820,217,2,11,264,0,130
1497142137049,142,Search,200,,Scaled-Version_HTTP_noconpool_10_threads 8-9,text,true,,1309,192,2,7,142,0,0
1497142137135,134,Search,200,,Scaled-Version_HTTP_noconpool_10_threads 8-10,text,true,,1309,183,1,1,133,0,0
1497142197550,273,Login,200,OK,Scaled-Version_HTTP_noconpool_10_threads 8-2,text,true,,11820,217,4,26,273,0,133
1497142197644,277,Login,200,OK,Scaled-Version_HTTP_noconpool_10_threads 8-3,text,true,,11820,217,5,27,277,0,131
1497142197823,146,Search,200,,Scaled-Version_HTTP_noconpool_10_threads 8-2,text,true,,1309,192,5,29,146,0,0
1497142197753,280,Login,200,OK,Scaled-Version_HTTP_noconpool_10_threads 8-4,text,true,,11820,217,5,27,278,0,139
1497142197922,141,Search,200,,Scaled-Version_HTTP_noconpool_10_threads 8-3,text,true,,1309,183,6,31,141,0,0
1497142197846,277,Login,200,OK,Scaled-Version_HTTP_noconpool_10_threads 8-5,text,true,,11820,217,5,28,277,0,135
1497142198033,142,Search,200,,Scaled-Version_HTTP_noconpool_10_threads 8-4,text,true,,1309,191,6,31,142,0,0
1497142197448,735,Login,200,OK,Scaled-Version_HTTP_noconpool_10_threads 8-1,text,true,,11820,217,5,29,601,0,135
1497142197971,287,Login,200,OK,Scaled-Version_HTTP_noconpool_10_threads 8-6,text,true,,11820,217,5,30,287,0,141
1497142198123,138,Search,200,,Scaled-Version_HTTP_noconpool_10_threads 8-5,text,true,,1309,191,5,28,138,0,0
1497142198050,270,Login,200,OK,Scaled-Version_HTTP_noconpool_10_threads 8-7,text,true,,11820,217,5,28,270,0,133
1497142198183,137,Search,200,,Scaled-Version_HTTP_noconpool_10_threads 8-1,text,true,,1309,191,5,28,137,0,0
1497142198259,148,Search,200,,Scaled-Version_HTTP_noconpool_10_threads 8-6,text,true,,1309,191,5,28,148,0,0
1497142198158,277,Login,200,OK,Scaled-Version_HTTP_noconpool_10_threads 8-8,text,true,,11820,217,4,27,275,0,130
1497142198320,139,Search,200,,Scaled-Version_HTTP_noconpool_10_threads 8-7,text,true,,1309,183,4,24,139,0,0
1497142198267,276,Login,200,OK,Scaled-Version_HTTP_noconpool_10_threads 8-9,text,true,,11820,217,3,19,276,0,139
1497142198435,144,Search,200,,Scaled-Version_HTTP_noconpool_10_threads 8-8,text,true,,1309,192,3,14,144,0,0
1497142198361,273,Login,200,OK,Scaled-Version_HTTP_noconpool_10_threads 8-10,text,true,,11820,217,2,13,270,0,131
1497142198543,140,Search,200,,Scaled-Version_HTTP_noconpool_10_threads 8-9,text,true,,1309,192,2,9,140,0,0
1497142198634,157,Search,200,,Scaled-Version_HTTP_noconpool_10_threads 8-10,text,true,,1309,183,1,2,157,0,0
1497142284383,331,Login,200,OK,Scaled-Version_HTTP_noconpool_10_threads 8-2,text,true,,11820,217,5,32,331,0,161
1497142284476,287,Login,200,OK,Scaled-Version_HTTP_noconpool_10_threads 8-3,text,true,,11820,217,5,32,287,0,145
1497142284714,139,Search,200,,Scaled-Version_HTTP_noconpool_10_threads 8-2,text,true,,1309,191,6,37,139,0,0
1497142284347,505,Login,200,OK,Scaled-Version_HTTP_noconpool_10_threads 8-1,text,true,,11820,217,6,37,505,0,202
1497142284587,282,Login,200,OK,Scaled-Version_HTTP_noconpool_10_threads 8-4,text,true,,11820,217,5,29,282,0,141
1497142284764,139,Search,200,,Scaled-Version_HTTP_noconpool_10_threads 8-3,text,true,,1309,183,6,33,138,0,0
1497142284680,288,Login,200,OK,Scaled-Version_HTTP_noconpool_10_threads 8-5,text,true,,11820,217,5,29,288,0,132
1497142284854,157,Search,200,,Scaled-Version_HTTP_noconpool_10_threads 8-1,text,true,,1309,192,6,35,157,0,0
1497142284869,143,Search,200,,Scaled-Version_HTTP_noconpool_10_threads 8-4,text,true,,1309,183,5,34,143,0,0
1497142284788,290,Login,200,OK,Scaled-Version_HTTP_noconpool_10_threads 8-6,text,true,,11820,217,4,29,289,0,146
1497142284969,133,Search,200,,Scaled-Version_HTTP_noconpool_10_threads 8-5,text,true,,1309,192,5,33,133,0,0
1497142284883,299,Login,200,OK,Scaled-Version_HTTP_noconpool_10_threads 8-7,text,true,,11820,217,5,33,298,0,140
1497142285079,145,Search,200,,Scaled-Version_HTTP_noconpool_10_threads 8-6,text,true,,1309,191,5,34,145,0,0
1497142284975,279,Login,200,OK,Scaled-Version_HTTP_noconpool_10_threads 8-8,text,true,,11820,217,4,29,275,0,139
1497142285182,139,Search,200,,Scaled-Version_HTTP_noconpool_10_threads 8-7,text,true,,1309,192,4,26,139,0,0
1497142285085,286,Login,200,OK,Scaled-Version_HTTP_noconpool_10_threads 8-9,text,true,,11820,217,3,22,285,0,140
1497142285255,148,Search,200,,Scaled-Version_HTTP_noconpool_10_threads 8-8,text,true,,1309,191,3,20,148,0,0
1497142285181,288,Login,200,OK,Scaled-Version_HTTP_noconpool_10_threads 8-10,text,true,,11820,217,2,16,288,0,139
1497142285372,146,Search,200,,Scaled-Version_HTTP_noconpool_10_threads 8-9,text,true,,1309,192,2,15,146,0,0
1497142285470,132,Search,200,,Scaled-Version_HTTP_noconpool_10_threads 8-10,text,true,,1309,183,1,8,132,0,0
1497142292598,356,Login,200,OK,Scaled-Version_HTTP_noconpool_10_threads 8-1,text,true,,11820,217,5,32,356,0,196
1497142292651,313,Login,200,OK,Scaled-Version_HTTP_noconpool_10_threads 8-2,text,true,,11820,217,5,32,313,0,151
1497142292746,277,Login,200,OK,Scaled-Version_HTTP_noconpool_10_threads 8-3,text,true,,11820,217,5,32,277,0,131
1497142292975,135,Search,200,,Scaled-Version_HTTP_noconpool_10_threads 8-2,text,true,,1309,191,6,37,135,0,0
1497142292976,144,Search,200,,Scaled-Version_HTTP_noconpool_10_threads 8-1,text,true,,1309,191,5,33,144,0,0
1497142292855,280,Login,200,OK,Scaled-Version_HTTP_noconpool_10_threads 8-4,text,true,,11820,217,4,27,279,0,137
1497142293023,134,Search,200,,Scaled-Version_HTTP_noconpool_10_threads 8-3,text,true,,1309,183,5,33,134,0,0
1497142292947,279,Login,200,OK,Scaled-Version_HTTP_noconpool_10_threads 8-5,text,true,,11820,217,4,28,279,0,133
1497142293135,141,Search,200,,Scaled-Version_HTTP_noconpool_10_threads 8-4,text,true,,1309,191,5,31,141,0,0
1497142293056,272,Login,200,OK,Scaled-Version_HTTP_noconpool_10_threads 8-6,text,true,,11820,217,4,28,271,0,131
1497142293226,137,Search,200,,Scaled-Version_HTTP_noconpool_10_threads 8-5,text,true,,1309,191,5,32,137,0,0
1497142293151,279,Login,200,OK,Scaled-Version_HTTP_noconpool_10_threads 8-7,text,true,,11820,217,4,28,279,0,133
1497142293329,132,Search,200,,Scaled-Version_HTTP_noconpool_10_threads 8-6,text,true,,1309,191,5,34,132,0,0
1497142293244,294,Login,200,OK,Scaled-Version_HTTP_noconpool_10_threads 8-8,text,true,,11820,217,4,27,294,0,155
1497142293431,134,Search,200,,Scaled-Version_HTTP_noconpool_10_threads 8-7,text,true,,1309,183,4,24,134,0,0
1497142293353,285,Login,200,OK,Scaled-Version_HTTP_noconpool_10_threads 8-9,text,true,,11820,217,3,21,285,0,132
1497142293539,139,Search,200,,Scaled-Version_HTTP_noconpool_10_threads 8-8,text,true,,1309,191,3,19,139,0,0
1497142293446,298,Login,200,OK,Scaled-Version_HTTP_noconpool_10_threads 8-10,text,true,,11820,217,2,14,298,0,143
1497142293638,156,Search,200,,Scaled-Version_HTTP_noconpool_10_threads 8-9,text,true,,1309,183,2,13,156,0,0
1497142293744,149,Search,200,,Scaled-Version_HTTP_noconpool_10_threads 8-10,text,true,,1309,183,1,3,149,0,0
1497142318713,391,Login,200,OK,Scaled-Version_HTTP_noconpool_10_threads 8-1,text,true,,11820,217,5,32,391,0,215
1497142318847,290,Login,200,OK,Scaled-Version_HTTP_noconpool_10_threads 8-3,text,true,,11820,217,5,32,290,0,136
1497142319109,155,Search,200,,Scaled-Version_HTTP_noconpool_10_threads 8-1,text,true,,1309,192,7,36,155,0,0
1497142318958,311,Login,200,OK,Scaled-Version_HTTP_noconpool_10_threads 8-4,text,true,,11820,217,6,34,311,0,153
1497142319137,138,Search,200,,Scaled-Version_HTTP_noconpool_10_threads 8-3,text,true,,1309,183,6,30,138,0,0
1497142319051,290,Login,200,OK,Scaled-Version_HTTP_noconpool_10_threads 8-5,text,true,,11820,217,5,28,290,0,137
1497142319269,136,Search,200,,Scaled-Version_HTTP_noconpool_10_threads 8-4,text,true,,1309,183,6,28,136,0,0
1497142319160,282,Login,200,OK,Scaled-Version_HTTP_noconpool_10_threads 8-6,text,true,,11820,217,5,26,282,0,132
1497142319341,135,Search,200,,Scaled-Version_HTTP_noconpool_10_threads 8-5,text,true,,1309,192,6,29,135,0,0
1497142319252,295,Login,200,OK,Scaled-Version_HTTP_noconpool_10_threads 8-7,text,true,,11820,217,5,26,294,0,140
1497142319442,137,Search,200,,Scaled-Version_HTTP_noconpool_10_threads 8-6,text,true,,1309,191,6,28,137,0,0
1497142319347,288,Login,200,OK,Scaled-Version_HTTP_noconpool_10_threads 8-8,text,true,,11820,217,5,26,288,0,133
1497142319548,135,Search,200,,Scaled-Version_HTTP_noconpool_10_threads 8-7,text,true,,1309,192,5,26,135,0,0
1497142319471,285,Login,200,OK,Scaled-Version_HTTP_noconpool_10_threads 8-9,text,true,,11820,217,4,22,285,0,134
1497142319636,152,Search,200,,Scaled-Version_HTTP_noconpool_10_threads 8-8,text,true,,1309,192,4,17,152,0,0
1497142319558,280,Login,200,OK,Scaled-Version_HTTP_noconpool_10_threads 8-10,text,true,,11820,217,3,16,280,0,140
1497142319756,145,Search,200,,Scaled-Version_HTTP_noconpool_10_threads 8-9,text,true,,1309,192,3,11,145,0,0
1497142319838,145,Search,200,,Scaled-Version_HTTP_noconpool_10_threads 8-10,text,true,,1309,192,2,9,145,0,0
1497142318753,1316,Login,200,OK,Scaled-Version_HTTP_noconpool_10_threads 8-2,text,true,,11820,217,1,3,842,0,181
1497142320074,137,Search,200,,Scaled-Version_HTTP_noconpool_10_threads 8-2,text,true,,1309,183,1,3,137,0,0
1497142332125,356,Login,200,OK,Scaled-Version_HTTP_noconpool_10_threads 8-1,text,true,,11820,217,5,32,355,0,200
1497142332164,323,Login,200,OK,Scaled-Version_HTTP_noconpool_10_threads 8-2,text,true,,11820,217,5,32,320,0,164
1497142332258,291,Login,200,OK,Scaled-Version_HTTP_noconpool_10_threads 8-3,text,true,,11820,217,5,32,291,0,138
1497142332497,137,Search,200,,Scaled-Version_HTTP_noconpool_10_threads 8-2,text,true,,1309,191,6,38,137,0,0
1497142332498,138,Search,200,,Scaled-Version_HTTP_noconpool_10_threads 8-1,text,true,,1309,183,5,36,138,0,0
1497142332367,290,Login,200,OK,Scaled-Version_HTTP_noconpool_10_threads 8-4,text,true,,11820,217,4,28,289,0,140
1497142332549,142,Search,200,,Scaled-Version_HTTP_noconpool_10_threads 8-3,text,true,,1309,183,5,30,142,0,0
1497142332462,294,Login,200,OK,Scaled-Version_HTTP_noconpool_10_threads 8-5,text,true,,11820,217,4,28,291,0,137
1497142332657,134,Search,200,,Scaled-Version_HTTP_noconpool_10_threads 8-4,text,true,,1309,192,5,31,134,0,0
1497142332570,290,Login,200,OK,Scaled-Version_HTTP_noconpool_10_threads 8-6,text,true,,11820,217,4,28,290,0,134
1497142332757,139,Search,200,,Scaled-Version_HTTP_noconpool_10_threads 8-5,text,true,,1309,192,5,30,138,0,0
1497142332663,281,Login,200,OK,Scaled-Version_HTTP_noconpool_10_threads 8-7,text,true,,11820,217,4,27,278,0,140
1497142332861,138,Search,200,,Scaled-Version_HTTP_noconpool_10_threads 8-6,text,true,,1309,192,5,33,138,0,0
1497142332758,287,Login,200,OK,Scaled-Version_HTTP_noconpool_10_threads 8-8,text,true,,11820,217,4,27,286,0,136
1497142332945,143,Search,200,,Scaled-Version_HTTP_noconpool_10_threads 8-7,text,true,,1309,183,4,27,143,0,0
1497142332873,300,Login,200,OK,Scaled-Version_HTTP_noconpool_10_threads 8-9,text,true,,11820,217,3,21,300,0,150
1497142333046,143,Search,200,,Scaled-Version_HTTP_noconpool_10_threads 8-8,text,true,,1309,191,3,20,143,0,0
1497142332961,273,Login,200,OK,Scaled-Version_HTTP_noconpool_10_threads 8-10,text,true,,11820,217,2,14,273,0,134
1497142333174,141,Search,200,,Scaled-Version_HTTP_noconpool_10_threads 8-9,text,true,,1309,192,2,9,141,0,0
1497142333234,143,Search,200,,Scaled-Version_HTTP_noconpool_10_threads 8-10,text,true,,1309,192,1,6,143,0,0
1497142653528,276,Login,200,OK,Scaled-Version_HTTP_noconpool_10_threads 8-1,text,true,,11820,217,3,20,276,0,139
1497142653631,276,Login,200,OK,Scaled-Version_HTTP_noconpool_10_threads 8-2,text,true,,11820,217,4,26,276,0,136
1497142653804,136,Search,200,,Scaled-Version_HTTP_noconpool_10_threads 8-1,text,true,,1309,183,5,29,136,0,0
1497142653724,278,Login,200,OK,Scaled-Version_HTTP_noconpool_10_threads 8-3,text,true,,11820,217,4,26,276,0,133
1497142653909,140,Search,200,,Scaled-Version_HTTP_noconpool_10_threads 8-2,text,true,,1309,192,5,32,140,0,0
1497142653833,303,Login,200,OK,Scaled-Version_HTTP_noconpool_10_threads 8-4,text,true,,11820,217,5,34,303,0,142
1497142654002,135,Search,200,,Scaled-Version_HTTP_noconpool_10_threads 8-3,text,true,,1309,191,5,34,135,0,0
1497142653928,275,Login,200,OK,Scaled-Version_HTTP_noconpool_10_threads 8-5,text,true,,11820,217,4,30,275,0,135
1497142654137,136,Search,200,,Scaled-Version_HTTP_noconpool_10_threads 8-4,text,true,,1309,192,5,34,136,0,0
1497142654020,268,Login,200,OK,Scaled-Version_HTTP_noconpool_10_threads 8-6,text,true,,11820,217,4,32,267,0,132
1497142654203,136,Search,200,,Scaled-Version_HTTP_noconpool_10_threads 8-5,text,true,,1309,183,5,38,136,0,0
1497142654129,284,Login,200,OK,Scaled-Version_HTTP_noconpool_10_threads 8-7,text,true,,11820,217,4,34,284,0,140
1497142654288,135,Search,200,,Scaled-Version_HTTP_noconpool_10_threads 8-6,text,true,,1309,191,4,34,135,0,0
1497142654224,284,Login,200,OK,Scaled-Version_HTTP_noconpool_10_threads 8-8,text,true,,11820,217,4,36,284,0,134
1497142654413,136,Search,200,,Scaled-Version_HTTP_noconpool_10_threads 8-7,text,true,,1309,191,4,35,136,0,0
1497142654332,284,Login,200,OK,Scaled-Version_HTTP_noconpool_10_threads 8-9,text,true,,11820,217,3,32,284,0,136
1497142654508,140,Search,200,,Scaled-Version_HTTP_noconpool_10_threads 8-8,text,true,,1309,192,3,31,140,0,0
1497142654426,287,Login,200,OK,Scaled-Version_HTTP_noconpool_10_threads 8-10,text,true,,11820,217,2,30,287,0,136
1497142654616,135,Search,200,,Scaled-Version_HTTP_noconpool_10_threads 8-9,text,true,,1309,183,2,28,135,0,0
1497142654713,143,Search,200,,Scaled-Version_HTTP_noconpool_10_threads 8-10,text,true,,1309,183,1,25,143,0,0
1497142764781,269,Login,200,OK,Scaled-Version_HTTP_noconpool_10_threads 1-1,text,true,,11820,217,3,3,269,0,133
1497142764887,283,Login,200,OK,Scaled-Version_HTTP_noconpool_10_threads 1-2,text,true,,11820,217,4,4,283,0,136
1497142765051,134,Search,200,,Scaled-Version_HTTP_noconpool_10_threads 1-1,text,true,,1309,192,5,5,134,0,0
1497142764980,269,Login,200,OK,Scaled-Version_HTTP_noconpool_10_threads 1-3,text,true,,11820,217,5,5,268,0,133
1497142765171,138,Search,200,,Scaled-Version_HTTP_noconpool_10_threads 1-2,text,true,,1309,192,6,6,138,0,0
1497142765185,141,Login,200,OK,Scaled-Version_HTTP_noconpool_10_threads 1-1,text,true,,11819,217,6,6,140,0,0
1497142765089,269,Login,200,OK,Scaled-Version_HTTP_noconpool_10_threads 1-4,text,true,,11820,217,6,6,268,0,135
1497142765249,135,Search,200,,Scaled-Version_HTTP_noconpool_10_threads 1-3,text,true,,1309,191,6,6,135,0,0
1497142765309,135,Login,200,OK,Scaled-Version_HTTP_noconpool_10_threads 1-2,text,true,,11819,217,7,7,135,0,0
1497142765183,264,Login,200,OK,Scaled-Version_HTTP_noconpool_10_threads 1-5,text,true,,11820,217,7,7,263,0,131
1497142765326,131,Search,200,,Scaled-Version_HTTP_noconpool_10_threads 1-1,text,true,,1309,191,7,7,131,0,0
1497142765359,131,Search,200,,Scaled-Version_HTTP_noconpool_10_threads 1-4,text,true,,1309,183,8,8,131,0,0
1497142765385,135,Login,200,OK,Scaled-Version_HTTP_noconpool_10_threads 1-3,text,true,,11819,217,8,8,135,0,0
1497142765292,274,Login,200,OK,Scaled-Version_HTTP_noconpool_10_threads 1-6,text,true,,11820,217,8,8,274,0,130
1497142765444,132,Search,200,,Scaled-Version_HTTP_noconpool_10_threads 1-2,text,true,,1309,191,8,8,132,0,0
1497142765447,138,Search,200,,Scaled-Version_HTTP_noconpool_10_threads 1-5,text,true,,1309,191,8,8,138,0,0
1497142765457,137,Login,200,OK,Scaled-Version_HTTP_noconpool_10_threads 1-1,text,true,,11819,217,9,9,136,0,0
1497142765490,136,Login,200,OK,Scaled-Version_HTTP_noconpool_10_threads 1-4,text,true,,11819,217,9,9,133,0,0
1497142765520,142,Search,200,,Scaled-Version_HTTP_noconpool_10_threads 1-3,text,true,,1309,191,9,9,142,0,0
1497142765386,276,Login,200,OK,Scaled-Version_HTTP_noconpool_10_threads 1-7,text,true,,11820,217,9,9,276,0,134
1497142765566,140,Search,200,,Scaled-Version_HTTP_noconpool_10_threads 1-6,text,true,,1309,183,10,10,140,0,0
1497142765576,137,Login,200,OK,Scaled-Version_HTTP_noconpool_10_threads 1-2,text,true,,11819,217,10,10,137,0,0
1497142765586,136,Login,200,OK,Scaled-Version_HTTP_noconpool_10_threads 1-5,text,true,,11819,217,10,10,136,0,0
1497142765594,133,Search,200,,Scaled-Version_HTTP_noconpool_10_threads 1-1,text,true,,1309,183,10,10,133,0,0
1497142765479,275,Login,200,OK,Scaled-Version_HTTP_noconpool_10_threads 1-8,text,true,,11820,217,10,10,274,0,132
1497142765627,138,Search,200,,Scaled-Version_HTTP_noconpool_10_threads 1-4,text,true,,1309,191,10,10,138,0,0
1497142765662,137,Login,200,OK,Scaled-Version_HTTP_noconpool_10_threads 1-3,text,true,,11819,217,10,10,137,0,0
1497142765662,138,Search,200,,Scaled-Version_HTTP_noconpool_10_threads 1-7,text,true,,1309,191,10,10,138,0,0
1497142765713,134,Search,200,,Scaled-Version_HTTP_noconpool_10_threads 1-2,text,true,,1309,191,10,10,134,0,0
1497142765706,141,Login,200,OK,Scaled-Version_HTTP_noconpool_10_threads 1-6,text,true,,11819,217,10,10,141,0,0
1497142765588,268,Login,200,OK,Scaled-Version_HTTP_noconpool_10_threads 1-9,text,true,,11820,217,10,10,267,0,134
1497142765722,134,Search,200,,Scaled-Version_HTTP_noconpool_10_threads 1-5,text,true,,1309,191,10,10,134,0,0
1497142765727,135,Login,200,OK,Scaled-Version_HTTP_noconpool_10_threads 1-1,text,true,,11819,217,10,10,135,0,0
1497142765754,132,Search,200,,Scaled-Version_HTTP_noconpool_10_threads 1-8,text,true,,1309,192,10,10,132,0,0
1497142765765,135,Login,200,OK,Scaled-Version_HTTP_noconpool_10_threads 1-4,text,true,,11819,217,10,10,133,0,0
1497142765799,134,Search,200,,Scaled-Version_HTTP_noconpool_10_threads 1-3,text,true,,1309,183,10,10,134,0,0
1497142765800,137,Login,200,OK,Scaled-Version_HTTP_noconpool_10_threads 1-7,text,true,,11819,217,10,10,135,0,0
1497142765681,275,Login,200,OK,Scaled-Version_HTTP_noconpool_10_threads 1-10,text,true,,11820,217,10,10,274,0,133
1497142765847,139,Search,200,,Scaled-Version_HTTP_noconpool_10_threads 1-6,text,true,,1309,183,10,10,139,0,0
1497142765847,140,Login,200,OK,Scaled-Version_HTTP_noconpool_10_threads 1-2,text,true,,11819,217,10,10,140,0,0
1497142765857,144,Login,200,OK,Scaled-Version_HTTP_noconpool_10_threads 1-5,text,true,,11819,217,10,10,143,0,0
1497142765857,144,Search,200,,Scaled-Version_HTTP_noconpool_10_threads 1-9,text,true,,1309,183,10,10,144,0,0
1497142765863,139,Search,200,,Scaled-Version_HTTP_noconpool_10_threads 1-1,text,true,,1309,183,10,10,139,0,0
1497142765886,144,Login,200,OK,Scaled-Version_HTTP_noconpool_10_threads 1-8,text,true,,11819,217,10,10,142,0,0
1497142765900,132,Search,200,,Scaled-Version_HTTP_noconpool_10_threads 1-4,text,true,,1309,183,10,10,132,0,0
1497142765934,137,Login,200,OK,Scaled-Version_HTTP_noconpool_10_threads 1-3,text,true,,11819,217,10,10,135,0,0
1497142765937,134,Search,200,,Scaled-Version_HTTP_noconpool_10_threads 1-7,text,true,,1309,192,10,10,134,0,0
1497142765956,133,Search,200,,Scaled-Version_HTTP_noconpool_10_threads 1-10,text,true,,1309,183,10,10,133,0,0
1497142765986,138,Login,200,OK,Scaled-Version_HTTP_noconpool_10_threads 1-6,text,true,,11819,217,10,10,137,0,0
1497142765987,138,Search,200,,Scaled-Version_HTTP_noconpool_10_threads 1-2,text,true,,1309,183,10,10,138,0,0
1497142766001,141,Login,200,OK,Scaled-Version_HTTP_noconpool_10_threads 1-9,text,true,,11819,217,10,10,140,0,0
1497142766001,147,Search,200,,Scaled-Version_HTTP_noconpool_10_threads 1-5,text,true,,1309,183,10,10,147,0,0
1497142766002,147,Login,200,OK,Scaled-Version_HTTP_noconpool_10_threads 1-1,text,true,,11819,217,10,10,146,0,0
1497142766030,133,Search,200,,Scaled-Version_HTTP_noconpool_10_threads 1-8,text,true,,1309,191,10,10,133,0,0
1497142766033,135,Login,200,OK,Scaled-Version_HTTP_noconpool_10_threads 1-4,text,true,,11819,217,10,10,135,0,0
1497142766072,138,Login,200,OK,Scaled-Version_HTTP_noconpool_10_threads 1-7,text,true,,11819,217,10,10,137,0,0
1497142766072,138,Search,200,,Scaled-Version_HTTP_noconpool_10_threads 1-3,text,true,,1309,191,10,10,138,0,0
1497142766090,153,Login,200,OK,Scaled-Version_HTTP_noconpool_10_threads 1-10,text,true,,11819,217,10,10,153,0,0
1497142766124,137,Search,200,,Scaled-Version_HTTP_noconpool_10_threads 1-6,text,true,,1309,191,10,10,137,0,0
1497142766125,136,Login,200,OK,Scaled-Version_HTTP_noconpool_10_threads 1-2,text,true,,11819,217,10,10,136,0,0
1497142766142,140,Search,200,,Scaled-Version_HTTP_noconpool_10_threads 1-9,text,true,,1309,183,10,10,140,0,0
1497142766149,144,Search,200,,Scaled-Version_HTTP_noconpool_10_threads 1-1,text,true,,1309,183,10,10,144,0,0
1497142766149,144,Login,200,OK,Scaled-Version_HTTP_noconpool_10_threads 1-5,text,true,,11819,217,10,10,144,0,0
1497142766164,151,Login,200,OK,Scaled-Version_HTTP_noconpool_10_threads 1-8,text,true,,11819,217,10,10,148,0,0
1497142766168,147,Search,200,,Scaled-Version_HTTP_noconpool_10_threads 1-4,text,true,,1309,192,10,10,147,0,0
1497142766210,134,Login,200,OK,Scaled-Version_HTTP_noconpool_10_threads 1-3,text,true,,11819,217,10,10,133,0,0
1497142766210,134,Search,200,,Scaled-Version_HTTP_noconpool_10_threads 1-7,text,true,,1309,191,10,10,134,0,0
1497142766243,140,Search,200,,Scaled-Version_HTTP_noconpool_10_threads 1-10,text,true,,1309,183,10,10,140,0,0
1497142766261,137,Login,200,OK,Scaled-Version_HTTP_noconpool_10_threads 1-6,text,true,,11819,217,10,10,136,0,0
1497142766261,137,Search,200,,Scaled-Version_HTTP_noconpool_10_threads 1-2,text,true,,1309,191,10,10,137,0,0
1497142766283,149,Login,200,OK,Scaled-Version_HTTP_noconpool_10_threads 1-9,text,true,,11819,217,10,10,149,0,0
1497142766293,142,Login,200,OK,Scaled-Version_HTTP_noconpool_10_threads 1-1,text,true,,11819,217,10,10,142,0,0
1497142766293,143,Search,200,,Scaled-Version_HTTP_noconpool_10_threads 1-5,text,true,,1309,192,10,10,143,0,0
1497142766315,134,Login,200,OK,Scaled-Version_HTTP_noconpool_10_threads 1-4,text,true,,11819,217,10,10,132,0,0
1497142766315,134,Search,200,,Scaled-Version_HTTP_noconpool_10_threads 1-8,text,true,,1309,191,10,10,134,0,0
1497142766344,138,Search,200,,Scaled-Version_HTTP_noconpool_10_threads 1-3,text,true,,1309,192,10,10,138,0,0
1497142766344,138,Login,200,OK,Scaled-Version_HTTP_noconpool_10_threads 1-7,text,true,,11819,217,10,10,138,0,0
1497142766383,133,Login,200,OK,Scaled-Version_HTTP_noconpool_10_threads 1-10,text,true,,11819,217,10,10,133,0,0
1497142766399,142,Login,200,OK,Scaled-Version_HTTP_noconpool_10_threads 1-2,text,true,,11819,217,10,10,141,0,0
1497142766398,145,Search,200,,Scaled-Version_HTTP_noconpool_10_threads 1-6,text,true,,1309,191,10,10,145,0,0
1497142766432,141,Search,200,,Scaled-Version_HTTP_noconpool_10_threads 1-9,text,true,,1309,191,10,10,141,0,0
1497142766436,137,Login,200,OK,Scaled-Version_HTTP_noconpool_10_threads 1-5,text,true,,11819,217,10,10,137,0,0
1497142766436,137,Search,200,,Scaled-Version_HTTP_noconpool_10_threads 1-1,text,true,,1309,192,10,10,137,0,0
1497142766449,135,Search,200,,Scaled-Version_HTTP_noconpool_10_threads 1-4,text,true,,1309,192,10,10,135,0,0
1497142766449,139,Login,200,OK,Scaled-Version_HTTP_noconpool_10_threads 1-8,text,true,,11819,217,10,10,138,0,0
1497142766482,136,Login,200,OK,Scaled-Version_HTTP_noconpool_10_threads 1-3,text,true,,11819,217,10,10,135,0,0
1497142766482,136,Search,200,,Scaled-Version_HTTP_noconpool_10_threads 1-7,text,true,,1309,183,10,10,136,0,0
1497142766517,132,Search,200,,Scaled-Version_HTTP_noconpool_10_threads 1-10,text,true,,1309,191,10,10,132,0,0
1497142766543,133,Login,200,OK,Scaled-Version_HTTP_noconpool_10_threads 1-6,text,true,,11819,217,10,10,132,0,0
1497142766542,134,Search,200,,Scaled-Version_HTTP_noconpool_10_threads 1-2,text,true,,1309,183,10,10,134,0,0
1497142766573,141,Login,200,OK,Scaled-Version_HTTP_noconpool_10_threads 1-9,text,true,,11819,217,10,10,141,0,0
1497142766573,150,Search,200,,Scaled-Version_HTTP_noconpool_10_threads 1-5,text,true,,1309,191,10,10,150,0,0
1497142766573,150,Login,200,OK,Scaled-Version_HTTP_noconpool_10_threads 1-1,text,true,,11819,217,10,10,150,0,0
1497142766584,139,Login,200,OK,Scaled-Version_HTTP_noconpool_10_threads 1-4,text,true,,11819,217,10,10,139,0,0
1497142766588,135,Search,200,,Scaled-Version_HTTP_noconpool_10_threads 1-8,text,true,,1309,183,10,10,135,0,0
1497142766619,134,Login,200,OK,Scaled-Version_HTTP_noconpool_10_threads 1-7,text,true,,11819,217,10,10,132,0,0
1497142766618,135,Search,200,,Scaled-Version_HTTP_noconpool_10_threads 1-3,text,true,,1309,192,10,10,135,0,0
1497142766649,134,Login,200,OK,Scaled-Version_HTTP_noconpool_10_threads 1-10,text,true,,11819,217,10,10,134,0,0
1497142766676,140,Search,200,,Scaled-Version_HTTP_noconpool_10_threads 1-6,text,true,,1309,191,10,10,140,0,0
1497142766677,139,Login,200,OK,Scaled-Version_HTTP_noconpool_10_threads 1-2,text,true,,11819,217,10,10,139,0,0
1497142766714,134,Search,200,,Scaled-Version_HTTP_noconpool_10_threads 1-9,text,true,,1309,191,10,10,134,0,0
1497142766723,136,Login,200,OK,Scaled-Version_HTTP_noconpool_10_threads 1-5,text,true,,11819,217,10,10,136,0,0
1497142766723,142,Search,200,,Scaled-Version_HTTP_noconpool_10_threads 1-1,text,true,,1309,191,10,10,142,0,0
1497142766723,143,Search,200,,Scaled-Version_HTTP_noconpool_10_threads 1-4,text,true,,1309,192,10,10,143,0,0
1497142766723,143,Login,200,OK,Scaled-Version_HTTP_noconpool_10_threads 1-8,text,true,,11819,217,10,10,143,0,0
1497142766754,136,Login,200,OK,Scaled-Version_HTTP_noconpool_10_threads 1-3,text,true,,11819,217,10,10,132,0,0
1497142766753,137,Search,200,,Scaled-Version_HTTP_noconpool_10_threads 1-7,text,true,,1309,183,10,10,137,0,0
1497142766784,142,Search,200,,Scaled-Version_HTTP_noconpool_10_threads 1-10,text,true,,1309,183,10,10,142,0,0
1497142766816,138,Search,200,,Scaled-Version_HTTP_noconpool_10_threads 1-2,text,true,,1309,192,10,10,138,0,0
1497142766816,138,Login,200,OK,Scaled-Version_HTTP_noconpool_10_threads 1-6,text,true,,11819,217,10,10,138,0,0
1497142766848,152,Login,200,OK,Scaled-Version_HTTP_noconpool_10_threads 1-9,text,true,,11819,217,10,10,151,0,0
1497142766859,149,Search,200,,Scaled-Version_HTTP_noconpool_10_threads 1-5,text,true,,1309,191,10,10,149,0,0
1497142766867,144,Login,200,OK,Scaled-Version_HTTP_noconpool_10_threads 1-4,text,true,,11819,217,10,10,144,0,0
1497142766867,144,Search,200,,Scaled-Version_HTTP_noconpool_10_threads 1-8,text,true,,1309,191,10,10,144,0,0
1497142766890,135,Login,200,OK,Scaled-Version_HTTP_noconpool_10_threads 1-7,text,true,,11819,217,10,10,134,0,0
1497142766890,135,Search,200,,Scaled-Version_HTTP_noconpool_10_threads 1-3,text,true,,1309,192,10,10,135,0,0
1497142766926,133,Login,200,OK,Scaled-Version_HTTP_noconpool_10_threads 1-10,text,true,,11819,217,10,10,133,0,0
1497142766954,131,Search,200,,Scaled-Version_HTTP_noconpool_10_threads 1-6,text,true,,1309,192,10,10,131,0,0
1497142767000,147,Search,200,,Scaled-Version_HTTP_noconpool_10_threads 1-9,text,true,,1309,183,10,10,147,0,0
1497142767008,142,Login,200,OK,Scaled-Version_HTTP_noconpool_10_threads 1-5,text,true,,11819,217,10,10,142,0,0
1497142766865,286,Login,200,OK,Scaled-Version_HTTP_noconpool_10_threads 1-1,text,true,,11820,217,10,10,286,0,146
1497142767011,140,Search,200,,Scaled-Version_HTTP_noconpool_10_threads 1-4,text,true,,1309,183,10,10,140,0,0
1497142767012,142,Login,200,OK,Scaled-Version_HTTP_noconpool_10_threads 1-8,text,true,,11819,217,10,10,142,0,0
1497142767025,132,Search,200,,Scaled-Version_HTTP_noconpool_10_threads 1-7,text,true,,1309,192,10,10,132,0,0
1497142767059,134,Search,200,,Scaled-Version_HTTP_noconpool_10_threads 1-10,text,true,,1309,183,10,10,134,0,0
1497142766954,282,Login,200,OK,Scaled-Version_HTTP_noconpool_10_threads 1-2,text,true,,11820,217,10,10,282,0,130
1497142767085,152,Login,200,OK,Scaled-Version_HTTP_noconpool_10_threads 1-6,text,true,,11819,217,10,10,152,0,0
1497142767147,139,Login,200,OK,Scaled-Version_HTTP_noconpool_10_threads 1-9,text,true,,11819,217,10,10,139,0,0
1497142767151,137,Search,200,,Scaled-Version_HTTP_noconpool_10_threads 1-1,text,true,,1309,192,10,10,137,0,0
1497142767150,139,Search,200,,Scaled-Version_HTTP_noconpool_10_threads 1-5,text,true,,1309,192,10,10,139,0,0
1497142767157,147,Login,200,OK,Scaled-Version_HTTP_noconpool_10_threads 1-7,text,true,,11819,217,10,10,147,0,0
1497142767025,279,Login,200,OK,Scaled-Version_HTTP_noconpool_10_threads 1-3,text,true,,11820,217,10,10,279,0,132
1497142767155,149,Search,200,,Scaled-Version_HTTP_noconpool_10_threads 1-8,text,true,,1309,192,10,10,149,0,0
1497142767193,144,Login,200,OK,Scaled-Version_HTTP_noconpool_10_threads 1-10,text,true,,11819,217,10,10,142,0,0
1497142767237,151,Search,200,,Scaled-Version_HTTP_noconpool_10_threads 1-6,text,true,,1309,191,10,10,151,0,0
1497142767237,151,Search,200,,Scaled-Version_HTTP_noconpool_10_threads 1-2,text,true,,1309,192,10,10,151,0,0
1497142767287,135,Search,200,,Scaled-Version_HTTP_noconpool_10_threads 1-9,text,true,,1309,191,10,10,135,0,0
1497142767151,276,Login,200,OK,Scaled-Version_HTTP_noconpool_10_threads 1-4,text,true,,11820,217,10,10,276,0,137
1497142767288,146,Login,200,OK,Scaled-Version_HTTP_noconpool_10_threads 1-1,text,true,,11819,217,10,10,146,0,0
1497142767304,144,Search,200,,Scaled-Version_HTTP_noconpool_10_threads 1-7,text,true,,1309,191,10,10,144,0,0
1497142767304,144,Search,200,,Scaled-Version_HTTP_noconpool_10_threads 1-3,text,true,,1309,183,10,10,144,0,0
1497142767304,144,Login,200,OK,Scaled-Version_HTTP_noconpool_10_threads 1-8,text,true,,11819,217,10,10,144,0,0
1497142767338,152,Search,200,,Scaled-Version_HTTP_noconpool_10_threads 1-10,text,true,,1309,191,10,10,152,0,0
1497142767389,133,Login,200,OK,Scaled-Version_HTTP_noconpool_10_threads 1-2,text,true,,11819,217,10,10,132,0,0
1497142767422,139,Login,200,OK,Scaled-Version_HTTP_noconpool_10_threads 1-9,text,true,,11819,217,10,10,139,0,0
1497142767428,136,Search,200,,Scaled-Version_HTTP_noconpool_10_threads 1-4,text,true,,1309,183,10,10,136,0,0
1497142767289,280,Login,200,OK,Scaled-Version_HTTP_noconpool_10_threads 1-5,text,true,,11820,217,10,10,278,0,146
1497142767435,134,Search,200,,Scaled-Version_HTTP_noconpool_10_threads 1-1,text,true,,1309,183,10,10,134,0,0
1497142767448,146,Search,200,,Scaled-Version_HTTP_noconpool_10_threads 1-8,text,true,,1309,183,10,10,146,0,0
1497142767448,147,Login,200,OK,Scaled-Version_HTTP_noconpool_10_threads 1-3,text,true,,11819,217,10,10,147,0,0
1497142767490,150,Login,200,OK,Scaled-Version_HTTP_noconpool_10_threads 1-10,text,true,,11819,217,10,10,150,0,0
1497142767523,137,Search,200,,Scaled-Version_HTTP_noconpool_10_threads 1-2,text,true,,1309,183,10,10,137,0,0
1497142767389,271,Login,200,OK,Scaled-Version_HTTP_noconpool_10_threads 1-6,text,true,,11820,217,10,10,271,0,133
1497142767561,134,Search,200,,Scaled-Version_HTTP_noconpool_10_threads 1-9,text,true,,1309,183,10,10,134,0,0
1497142767564,137,Login,200,OK,Scaled-Version_HTTP_noconpool_10_threads 1-4,text,true,,11819,217,10,10,136,0,0
1497142767570,131,Search,200,,Scaled-Version_HTTP_noconpool_10_threads 1-5,text,true,,1309,183,10,10,131,0,0
1497142767570,136,Login,200,OK,Scaled-Version_HTTP_noconpool_10_threads 1-1,text,true,,11819,217,10,10,136,0,0
1497142767448,280,Login,200,OK,Scaled-Version_HTTP_noconpool_10_threads 1-7,text,true,,11820,217,10,10,278,0,146
1497142767596,133,Search,200,,Scaled-Version_HTTP_noconpool_10_threads 1-3,text,true,,1309,191,10,10,133,0,0
1497142767640,131,Search,200,,Scaled-Version_HTTP_noconpool_10_threads 1-10,text,true,,1309,183,10,10,131,0,0
1497142767660,140,Login,200,OK,Scaled-Version_HTTP_noconpool_10_threads 1-2,text,true,,11819,217,10,10,140,0,0
1497142767660,140,Search,200,,Scaled-Version_HTTP_noconpool_10_threads 1-6,text,true,,1309,192,10,10,140,0,0
1497142767701,141,Login,200,OK,Scaled-Version_HTTP_noconpool_10_threads 1-5,text,true,,11819,217,10,10,138,0,0
1497142767706,137,Search,200,,Scaled-Version_HTTP_noconpool_10_threads 1-1,text,true,,1309,192,10,10,137,0,0
1497142767701,142,Search,200,,Scaled-Version_HTTP_noconpool_10_threads 1-4,text,true,,1309,192,10,10,142,0,0
1497142767594,274,Login,200,OK,Scaled-Version_HTTP_noconpool_10_threads 1-8,text,true,,11820,217,10,10,273,0,134
1497142767729,143,Login,200,OK,Scaled-Version_HTTP_noconpool_10_threads 1-3,text,true,,11819,217,10,10,142,0,0
1497142767729,143,Search,200,,Scaled-Version_HTTP_noconpool_10_threads 1-7,text,true,,1309,192,10,10,143,0,0
1497142767800,142,Login,200,OK,Scaled-Version_HTTP_noconpool_10_threads 1-6,text,true,,11819,217,10,10,138,0,0
1497142767800,142,Search,200,,Scaled-Version_HTTP_noconpool_10_threads 1-2,text,true,,1309,192,10,10,142,0,0
1497142767695,271,Login,200,OK,Scaled-Version_HTTP_noconpool_10_threads 1-9,text,true,,11820,217,10,10,271,0,134
1497142767843,131,Search,200,,Scaled-Version_HTTP_noconpool_10_threads 1-5,text,true,,1309,183,10,10,131,0,0
1497142767843,135,Login,200,OK,Scaled-Version_HTTP_noconpool_10_threads 1-1,text,true,,11819,217,10,10,134,0,0
1497142767843,138,Login,200,OK,Scaled-Version_HTTP_noconpool_10_threads 1-4,text,true,,11819,217,10,10,138,0,0
1497142767868,134,Search,200,,Scaled-Version_HTTP_noconpool_10_threads 1-8,text,true,,1309,191,10,10,134,0,0
1497142767872,131,Search,200,,Scaled-Version_HTTP_noconpool_10_threads 1-3,text,true,,1309,191,10,10,131,0,0
1497142767872,133,Login,200,OK,Scaled-Version_HTTP_noconpool_10_threads 1-7,text,true,,11819,217,10,10,133,0,0
1497142767771,273,Login,200,OK,Scaled-Version_HTTP_noconpool_10_threads 1-10,text,true,,11820,217,10,10,273,0,133
1497142767942,138,Login,200,OK,Scaled-Version_HTTP_noconpool_10_threads 1-2,text,true,,11819,217,10,10,136,0,0
1497142767942,138,Search,200,,Scaled-Version_HTTP_noconpool_10_threads 1-6,text,true,,1309,192,10,10,138,0,0
1497142767967,138,Search,200,,Scaled-Version_HTTP_noconpool_10_threads 1-9,text,true,,1309,191,10,10,138,0,0
1497142767975,132,Login,200,OK,Scaled-Version_HTTP_noconpool_10_threads 1-5,text,true,,11819,217,10,10,132,0,0
1497142767978,131,Search,200,,Scaled-Version_HTTP_noconpool_10_threads 1-1,text,true,,1309,192,10,10,131,0,0
1497142767982,131,Search,200,,Scaled-Version_HTTP_noconpool_10_threads 1-4,text,true,,1309,183,10,10,131,0,0
1497142768002,141,Login,200,OK,Scaled-Version_HTTP_noconpool_10_threads 1-8,text,true,,11819,217,10,10,134,0,0
1497142768006,137,Search,200,,Scaled-Version_HTTP_noconpool_10_threads 1-7,text,true,,1309,192,10,10,137,0,0
1497142768003,140,Login,200,OK,Scaled-Version_HTTP_noconpool_10_threads 1-3,text,true,,11819,217,10,10,140,0,0
1497142768044,136,Search,200,,Scaled-Version_HTTP_noconpool_10_threads 1-10,text,true,,1309,191,10,10,136,0,0
1497142768080,143,Login,200,OK,Scaled-Version_HTTP_noconpool_10_threads 1-6,text,true,,11819,217,10,10,143,0,0
1497142768080,143,Search,200,,Scaled-Version_HTTP_noconpool_10_threads 1-2,text,true,,1309,192,10,10,143,0,0
1497142768105,134,Login,200,OK,Scaled-Version_HTTP_noconpool_10_threads 1-9,text,true,,11819,217,10,10,133,0,0
1497142768107,132,Search,200,,Scaled-Version_HTTP_noconpool_10_threads 1-5,text,true,,1309,192,10,10,132,0,0
1497142768109,136,Login,200,OK,Scaled-Version_HTTP_noconpool_10_threads 1-1,text,true,,11819,217,10,10,134,0,0
1497142768113,141,Login,200,OK,Scaled-Version_HTTP_noconpool_10_threads 1-4,text,true,,11819,217,10,10,140,0,0
1497142768144,151,Search,200,,Scaled-Version_HTTP_noconpool_10_threads 1-3,text,true,,1309,192,10,10,151,0,0
1497142768144,153,Login,200,OK,Scaled-Version_HTTP_noconpool_10_threads 1-7,text,true,,11819,217,10,10,151,0,0
1497142768144,153,Search,200,,Scaled-Version_HTTP_noconpool_10_threads 1-8,text,true,,1309,191,10,10,153,0,0
1497142768180,134,Login,200,OK,Scaled-Version_HTTP_noconpool_10_threads 1-10,text,true,,11819,217,10,10,132,0,0
1497142768224,133,Search,200,,Scaled-Version_HTTP_noconpool_10_threads 1-6,text,true,,1309,192,10,10,133,0,0
1497142768224,133,Login,200,OK,Scaled-Version_HTTP_noconpool_10_threads 1-2,text,true,,11819,217,10,10,133,0,0
1497142768240,136,Search,200,,Scaled-Version_HTTP_noconpool_10_threads 1-9,text,true,,1309,192,10,10,136,0,0
1497142768240,136,Login,200,OK,Scaled-Version_HTTP_noconpool_10_threads 1-5,text,true,,11819,217,10,10,136,0,0
1497142768245,138,Search,200,,Scaled-Version_HTTP_noconpool_10_threads 1-1,text,true,,1309,191,10,10,138,0,0
1497142768254,131,Search,200,,Scaled-Version_HTTP_noconpool_10_threads 1-4,text,true,,1309,183,10,10,131,0,0
1497142768295,139,Login,200,OK,Scaled-Version_HTTP_noconpool_10_threads 1-3,text,true,,11819,217,10,10,136,0,0
1497142768297,140,Login,200,OK,Scaled-Version_HTTP_noconpool_10_threads 1-8,text,true,,11819,217,10,10,137,0,0
1497142768297,140,Search,200,,Scaled-Version_HTTP_noconpool_10_threads 1-7,text,true,,1309,183,10,10,140,0,0
1497142768314,139,Search,200,,Scaled-Version_HTTP_noconpool_10_threads 1-10,text,true,,1309,192,10,10,139,0,0
1497142768357,134,Login,200,OK,Scaled-Version_HTTP_noconpool_10_threads 1-6,text,true,,11819,217,10,10,134,0,0
1497142768357,136,Search,200,,Scaled-Version_HTTP_noconpool_10_threads 1-2,text,true,,1309,183,10,10,136,0,0
1497142768376,139,Login,200,OK,Scaled-Version_HTTP_noconpool_10_threads 1-9,text,true,,11819,217,10,10,139,0,0
1497142768377,140,Search,200,,Scaled-Version_HTTP_noconpool_10_threads 1-5,text,true,,1309,192,10,10,140,0,0
1497142768383,136,Login,200,OK,Scaled-Version_HTTP_noconpool_10_threads 1-1,text,true,,11819,217,10,10,135,0,0
1497142768385,138,Login,200,OK,Scaled-Version_HTTP_noconpool_10_threads 1-4,text,true,,11819,217,10,10,138,0,0
1497142768435,145,Search,200,,Scaled-Version_HTTP_noconpool_10_threads 1-3,text,true,,1309,191,10,10,145,0,0
1497142768437,153,Login,200,OK,Scaled-Version_HTTP_noconpool_10_threads 1-7,text,true,,11819,217,10,10,151,0,0
1497142768437,153,Search,200,,Scaled-Version_HTTP_noconpool_10_threads 1-8,text,true,,1309,183,10,10,153,0,0
1497142768453,142,Login,200,OK,Scaled-Version_HTTP_noconpool_10_threads 1-10,text,true,,11819,217,10,10,142,0,0
1497142768491,133,Search,200,,Scaled-Version_HTTP_noconpool_10_threads 1-6,text,true,,1309,191,10,10,133,0,0
1497142768493,142,Login,200,OK,Scaled-Version_HTTP_noconpool_10_threads 1-2,text,true,,11819,217,10,10,142,0,0
1497142768515,132,Search,200,,Scaled-Version_HTTP_noconpool_10_threads 1-9,text,true,,1309,192,10,10,132,0,0
1497142768524,136,Search,200,,Scaled-Version_HTTP_noconpool_10_threads 1-4,text,true,,1309,192,10,10,136,0,0
1497142768519,141,Search,200,,Scaled-Version_HTTP_noconpool_10_threads 1-1,text,true,,1309,183,10,10,141,0,0
1497142768517,143,Login,200,OK,Scaled-Version_HTTP_noconpool_10_threads 1-5,text,true,,11819,217,10,10,143,0,0
1497142768580,141,Login,200,OK,Scaled-Version_HTTP_noconpool_10_threads 1-3,text,true,,11819,217,10,10,141,0,0
1497142768590,133,Search,200,,Scaled-Version_HTTP_noconpool_10_threads 1-7,text,true,,1309,192,10,10,133,0,0
1497142768590,139,Login,200,OK,Scaled-Version_HTTP_noconpool_10_threads 1-8,text,true,,11819,217,10,10,138,0,0
1497142768595,134,Search,200,,Scaled-Version_HTTP_noconpool_10_threads 1-10,text,true,,1309,191,10,10,134,0,0
1497142768624,143,Login,200,OK,Scaled-Version_HTTP_noconpool_10_threads 1-6,text,true,,11819,217,10,10,143,0,0
1497142768636,133,Search,200,,Scaled-Version_HTTP_noconpool_10_threads 1-2,text,true,,1309,191,10,10,133,0,0
1497142768647,137,Login,200,OK,Scaled-Version_HTTP_noconpool_10_threads 1-9,text,true,,11819,217,10,10,137,0,0
1497142768660,139,Login,200,OK,Scaled-Version_HTTP_noconpool_10_threads 1-1,text,true,,11819,217,10,10,139,0,0
1497142768660,143,Login,200,OK,Scaled-Version_HTTP_noconpool_10_threads 1-4,text,true,,11819,217,10,10,143,0,0
1497142768660,143,Search,200,,Scaled-Version_HTTP_noconpool_10_threads 1-5,text,true,,1309,183,10,10,143,0,0
1497142768721,134,Search,200,,Scaled-Version_HTTP_noconpool_10_threads 1-3,text,true,,1309,183,10,10,134,0,0
1497142768723,143,Login,200,OK,Scaled-Version_HTTP_noconpool_10_threads 1-7,text,true,,11819,217,10,10,143,0,0
1497142768729,141,Search,200,,Scaled-Version_HTTP_noconpool_10_threads 1-8,text,true,,1309,192,10,10,141,0,0
1497142768729,141,Login,200,OK,Scaled-Version_HTTP_noconpool_10_threads 1-10,text,true,,11819,217,10,10,141,0,0
1497142768767,152,Search,200,,Scaled-Version_HTTP_noconpool_10_threads 1-6,text,true,,1309,192,10,10,152,0,0
1497142768770,149,Login,200,OK,Scaled-Version_HTTP_noconpool_10_threads 1-2,text,true,,11819,217,10,10,149,0,0
1497142768785,144,Search,200,,Scaled-Version_HTTP_noconpool_10_threads 1-9,text,true,,1309,191,10,10,144,0,0
1497142768800,147,Search,200,,Scaled-Version_HTTP_noconpool_10_threads 1-1,text,true,,1309,192,10,10,147,0,0
1497142768803,144,Login,200,OK,Scaled-Version_HTTP_noconpool_10_threads 1-5,text,true,,11819,217,10,10,144,0,0
1497142768803,144,Search,200,,Scaled-Version_HTTP_noconpool_10_threads 1-4,text,true,,1309,183,10,10,144,0,0
1497142768856,142,Login,200,OK,Scaled-Version_HTTP_noconpool_10_threads 1-3,text,true,,11819,217,10,10,141,0,0
1497142768866,133,Search,200,,Scaled-Version_HTTP_noconpool_10_threads 1-7,text,true,,1309,192,10,10,133,0,0
1497142768870,136,Login,200,OK,Scaled-Version_HTTP_noconpool_10_threads 1-8,text,true,,11819,217,10,10,134,0,0
1497142768870,136,Search,200,,Scaled-Version_HTTP_noconpool_10_threads 1-10,text,true,,1309,192,10,10,136,0,0
1497142768919,146,Search,200,,Scaled-Version_HTTP_noconpool_10_threads 1-2,text,true,,1309,183,10,10,145,0,0
1497142768919,150,Login,200,OK,Scaled-Version_HTTP_noconpool_10_threads 1-6,text,true,,11819,217,10,10,145,0,0
1497142768929,140,Login,200,OK,Scaled-Version_HTTP_noconpool_10_threads 1-9,text,true,,11819,217,10,10,140,0,0
1497142768947,138,Search,200,,Scaled-Version_HTTP_noconpool_10_threads 1-5,text,true,,1309,192,10,10,138,0,0
1497142768947,145,Login,200,OK,Scaled-Version_HTTP_noconpool_10_threads 1-4,text,true,,11819,217,10,10,143,0,0
1497142768999,131,Search,200,,Scaled-Version_HTTP_noconpool_10_threads 1-3,text,true,,1309,191,10,10,131,0,0
1497142769000,145,Login,200,OK,Scaled-Version_HTTP_noconpool_10_threads 1-7,text,true,,11819,217,10,10,139,0,0
1497142769006,139,Search,200,,Scaled-Version_HTTP_noconpool_10_threads 1-8,text,true,,1309,183,10,10,139,0,0
1497142769006,140,Login,200,OK,Scaled-Version_HTTP_noconpool_10_threads 1-10,text,true,,11819,217,10,10,139,0,0
1497142769070,136,Search,200,,Scaled-Version_HTTP_noconpool_10_threads 1-9,text,true,,1309,191,10,10,136,0,0
1497142769070,136,Search,200,,Scaled-Version_HTTP_noconpool_10_threads 1-6,text,true,,1309,183,10,10,136,0,0
1497142768947,287,Login,200,OK,Scaled-Version_HTTP_noconpool_10_threads 1-1,text,true,,11820,217,10,10,287,0,137
1497142769085,150,Login,200,OK,Scaled-Version_HTTP_noconpool_10_threads 1-5,text,true,,11819,217,10,10,150,0,0
1497142769092,144,Search,200,,Scaled-Version_HTTP_noconpool_10_threads 1-4,text,true,,1309,192,10,10,144,0,0
1497142769145,135,Login,200,OK,Scaled-Version_HTTP_noconpool_10_threads 1-8,text,true,,11819,217,10,10,134,0,0
1497142769145,135,Search,200,,Scaled-Version_HTTP_noconpool_10_threads 1-7,text,true,,1309,191,10,10,135,0,0
1497142769146,134,Search,200,,Scaled-Version_HTTP_noconpool_10_threads 1-10,text,true,,1309,183,10,10,134,0,0
1497142769065,273,Login,200,OK,Scaled-Version_HTTP_noconpool_10_threads 1-2,text,true,,11820,217,10,10,271,0,138
1497142769206,135,Login,200,OK,Scaled-Version_HTTP_noconpool_10_threads 1-6,text,true,,11819,217,10,10,135,0,0
1497142769206,138,Login,200,OK,Scaled-Version_HTTP_noconpool_10_threads 1-9,text,true,,11819,217,10,10,137,0,0
1497142769235,131,Search,200,,Scaled-Version_HTTP_noconpool_10_threads 1-1,text,true,,1309,191,10,10,131,0,0
1497142769236,135,Search,200,,Scaled-Version_HTTP_noconpool_10_threads 1-5,text,true,,1309,183,10,10,135,0,0
1497142769130,273,Login,200,OK,Scaled-Version_HTTP_noconpool_10_threads 1-3,text,true,,11820,217,10,10,273,0,131
1497142769281,133,Login,200,OK,Scaled-Version_HTTP_noconpool_10_threads 1-7,text,true,,11819,217,10,10,132,0,0
1497142769281,133,Search,200,,Scaled-Version_HTTP_noconpool_10_threads 1-8,text,true,,1309,191,10,10,133,0,0
1497142769281,137,Login,200,OK,Scaled-Version_HTTP_noconpool_10_threads 1-10,text,true,,11819,217,10,10,135,0,0
1497142769338,131,Search,200,,Scaled-Version_HTTP_noconpool_10_threads 1-2,text,true,,1309,191,10,10,131,0,0
1497142769341,139,Search,200,,Scaled-Version_HTTP_noconpool_10_threads 1-6,text,true,,1309,191,10,10,139,0,0
1497142769344,137,Search,200,,Scaled-Version_HTTP_noconpool_10_threads 1-9,text,true,,1309,192,10,10,137,0,0
1497142769366,134,Login,200,OK,Scaled-Version_HTTP_noconpool_10_threads 1-1,text,true,,11819,217,10,10,134,0,0
1497142769236,275,Login,200,OK,Scaled-Version_HTTP_noconpool_10_threads 1-4,text,true,,11820,217,10,10,275,0,135
1497142769404,131,Search,200,,Scaled-Version_HTTP_noconpool_10_threads 1-3,text,true,,1309,191,10,10,131,0,0
1497142769415,133,Search,200,,Scaled-Version_HTTP_noconpool_10_threads 1-7,text,true,,1309,191,10,10,133,0,0
1497142769418,139,Search,200,,Scaled-Version_HTTP_noconpool_10_threads 1-10,text,true,,1309,191,10,10,139,0,0
1497142769415,142,Login,200,OK,Scaled-Version_HTTP_noconpool_10_threads 1-8,text,true,,11819,217,10,10,142,0,0
1497142769469,136,Login,200,OK,Scaled-Version_HTTP_noconpool_10_threads 1-2,text,true,,11819,217,10,10,136,0,0
1497142769481,136,Login,200,OK,Scaled-Version_HTTP_noconpool_10_threads 1-9,text,true,,11819,217,10,10,136,0,0
1497142769501,130,Search,200,,Scaled-Version_HTTP_noconpool_10_threads 1-1,text,true,,1309,183,10,10,130,0,0
1497142769511,136,Search,200,,Scaled-Version_HTTP_noconpool_10_threads 1-4,text,true,,1309,192,10,10,136,0,0
1497142769371,279,Login,200,OK,Scaled-Version_HTTP_noconpool_10_threads 1-5,text,true,,11820,217,10,10,276,0,137
1497142769535,136,Login,200,OK,Scaled-Version_HTTP_noconpool_10_threads 1-3,text,true,,11819,217,10,10,133,0,0
1497142769557,134,Login,200,OK,Scaled-Version_HTTP_noconpool_10_threads 1-10,text,true,,11819,217,10,10,133,0,0
1497142769558,133,Search,200,,Scaled-Version_HTTP_noconpool_10_threads 1-8,text,true,,1309,191,10,10,133,0,0
1497142769606,136,Search,200,,Scaled-Version_HTTP_noconpool_10_threads 1-2,text,true,,1309,183,10,10,136,0,0
1497142769480,273,Login,200,OK,Scaled-Version_HTTP_noconpool_10_threads 1-6,text,true,,11820,217,10,10,273,0,137
1497142769617,136,Search,200,,Scaled-Version_HTTP_noconpool_10_threads 1-9,text,true,,1309,183,10,10,136,0,0
1497142769631,143,Login,200,OK,Scaled-Version_HTTP_noconpool_10_threads 1-1,text,true,,11819,217,10,10,143,0,0
1497142769647,141,Login,200,OK,Scaled-Version_HTTP_noconpool_10_threads 1-4,text,true,,11819,217,10,10,135,0,0
1497142769650,138,Search,200,,Scaled-Version_HTTP_noconpool_10_threads 1-5,text,true,,1309,191,10,10,138,0,0
1497142769671,137,Search,200,,Scaled-Version_HTTP_noconpool_10_threads 1-3,text,true,,1309,183,10,10,137,0,0
1497142769548,271,Login,200,OK,Scaled-Version_HTTP_noconpool_10_threads 1-7,text,true,,11820,217,10,10,269,0,134
1497142769691,133,Search,200,,Scaled-Version_HTTP_noconpool_10_threads 1-10,text,true,,1309,192,10,10,133,0,0
1497142769742,135,Login,200,OK,Scaled-Version_HTTP_noconpool_10_threads 1-2,text,true,,11819,217,10,10,135,0,0
1497142769753,135,Search,200,,Scaled-Version_HTTP_noconpool_10_threads 1-6,text,true,,1309,192,10,10,135,0,0
1497142769775,135,Search,200,,Scaled-Version_HTTP_noconpool_10_threads 1-1,text,true,,1309,183,10,10,135,0,0
1497142769789,132,Login,200,OK,Scaled-Version_HTTP_noconpool_10_threads 1-5,text,true,,11819,217,10,10,132,0,0
1497142769789,133,Search,200,,Scaled-Version_HTTP_noconpool_10_threads 1-4,text,true,,1309,191,10,10,133,0,0
1497142769808,141,Login,200,OK,Scaled-Version_HTTP_noconpool_10_threads 1-3,text,true,,11819,217,10,10,141,0,0
1497142769820,130,Search,200,,Scaled-Version_HTTP_noconpool_10_threads 1-7,text,true,,1309,183,10,10,130,0,0
1497142769691,267,Login,200,OK,Scaled-Version_HTTP_noconpool_10_threads 1-8,text,true,,11820,217,10,10,267,0,132
1497142769878,135,Search,200,,Scaled-Version_HTTP_noconpool_10_threads 1-2,text,true,,1309,183,10,10,135,0,0
1497142769753,270,Login,200,OK,Scaled-Version_HTTP_noconpool_10_threads 1-9,text,true,,11820,217,10,10,267,0,134
1497142769888,137,Login,200,OK,Scaled-Version_HTTP_noconpool_10_threads 1-6,text,true,,11819,217,10,10,137,0,0
1497142769910,143,Login,200,OK,Scaled-Version_HTTP_noconpool_10_threads 1-1,text,true,,11819,217,10,10,143,0,0
1497142769922,151,Login,200,OK,Scaled-Version_HTTP_noconpool_10_threads 1-4,text,true,,11819,217,10,10,150,0,0
1497142769922,152,Search,200,,Scaled-Version_HTTP_noconpool_10_threads 1-5,text,true,,1309,191,10,10,152,0,0
1497142769949,136,Search,200,,Scaled-Version_HTTP_noconpool_10_threads 1-3,text,true,,1309,192,10,10,136,0,0
1497142769951,134,Login,200,OK,Scaled-Version_HTTP_noconpool_10_threads 1-7,text,true,,11819,217,10,10,134,0,0
1497142769825,274,Login,200,OK,Scaled-Version_HTTP_noconpool_10_threads 1-10,text,true,,11820,217,10,10,274,0,133
1497142769958,141,Search,200,,Scaled-Version_HTTP_noconpool_10_threads 1-8,text,true,,1309,192,10,10,141,0,0
1497142770013,141,Login,200,OK,Scaled-Version_HTTP_noconpool_10_threads 1-2,text,true,,11819,217,10,10,141,0,0
1497142770025,131,Search,200,,Scaled-Version_HTTP_noconpool_10_threads 1-6,text,true,,1309,191,10,10,131,0,0
1497142770023,134,Search,200,,Scaled-Version_HTTP_noconpool_10_threads 1-9,text,true,,1309,183,10,10,134,0,0
1497142770054,132,Search,200,,Scaled-Version_HTTP_noconpool_10_threads 1-1,text,true,,1309,191,10,10,132,0,0
1497142770074,134,Login,200,OK,Scaled-Version_HTTP_noconpool_10_threads 1-5,text,true,,11819,217,10,10,134,0,0
1497142770074,134,Search,200,,Scaled-Version_HTTP_noconpool_10_threads 1-4,text,true,,1309,191,10,10,134,0,0
1497142770085,141,Search,200,,Scaled-Version_HTTP_noconpool_10_threads 1-7,text,true,,1309,191,10,10,141,0,0
1497142770085,143,Login,200,OK,Scaled-Version_HTTP_noconpool_10_threads 1-3,text,true,,11819,217,10,10,143,0,0
1497142770099,133,Login,200,OK,Scaled-Version_HTTP_noconpool_10_threads 1-8,text,true,,11819,217,10,10,133,0,0
1497142770099,134,Search,200,,Scaled-Version_HTTP_noconpool_10_threads 1-10,text,true,,1309,191,10,10,134,0,0
1497142770154,131,Search,200,,Scaled-Version_HTTP_noconpool_10_threads 1-2,text,true,,1309,183,10,10,130,0,0
1497142770156,145,Login,200,OK,Scaled-Version_HTTP_noconpool_10_threads 1-6,text,true,,11819,217,10,10,141,0,0
1497142770157,145,Login,200,OK,Scaled-Version_HTTP_noconpool_10_threads 1-9,text,true,,11819,217,10,10,145,0,0
1497142770186,139,Login,200,OK,Scaled-Version_HTTP_noconpool_10_threads 1-1,text,true,,11819,217,10,10,139,0,0
1497142770208,138,Login,200,OK,Scaled-Version_HTTP_noconpool_10_threads 1-4,text,true,,11819,217,10,10,137,0,0
1497142770208,138,Search,200,,Scaled-Version_HTTP_noconpool_10_threads 1-5,text,true,,1309,191,10,10,138,0,0
1497142770226,135,Login,200,OK,Scaled-Version_HTTP_noconpool_10_threads 1-7,text,true,,11819,217,10,10,134,0,0
1497142770228,133,Search,200,,Scaled-Version_HTTP_noconpool_10_threads 1-3,text,true,,1309,183,10,10,133,0,0
1497142770232,130,Search,200,,Scaled-Version_HTTP_noconpool_10_threads 1-8,text,true,,1309,183,10,10,130,0,0
1497142770233,134,Login,200,OK,Scaled-Version_HTTP_noconpool_10_threads 1-10,text,true,,11819,217,10,10,133,0,0
1497142770302,135,Search,200,,Scaled-Version_HTTP_noconpool_10_threads 1-6,text,true,,1309,183,10,10,135,0,0
1497142770285,152,Login,200,OK,Scaled-Version_HTTP_noconpool_10_threads 1-2,text,true,,11819,217,10,10,152,0,0
1497142770302,138,Search,200,,Scaled-Version_HTTP_noconpool_10_threads 1-9,text,true,,1309,183,10,10,138,0,0
1497142770325,137,Search,200,,Scaled-Version_HTTP_noconpool_10_threads 1-1,text,true,,1309,192,10,10,137,0,0
1497142770346,134,Login,200,OK,Scaled-Version_HTTP_noconpool_10_threads 1-5,text,true,,11819,217,10,10,133,0,0
1497142770346,134,Search,200,,Scaled-Version_HTTP_noconpool_10_threads 1-4,text,true,,1309,191,10,10,134,0,0
1497142770361,151,Login,200,OK,Scaled-Version_HTTP_noconpool_10_threads 1-3,text,true,,11819,217,10,10,150,0,0
1497142770362,150,Login,200,OK,Scaled-Version_HTTP_noconpool_10_threads 1-8,text,true,,11819,217,10,10,149,0,0
1497142770367,145,Search,200,,Scaled-Version_HTTP_noconpool_10_threads 1-10,text,true,,1309,183,10,10,145,0,0
1497142770361,151,Search,200,,Scaled-Version_HTTP_noconpool_10_threads 1-7,text,true,,1309,191,10,10,151,0,0
1497142770437,136,Login,200,OK,Scaled-Version_HTTP_noconpool_10_threads 1-6,text,true,,11819,217,10,10,135,0,0
1497142770437,144,Search,200,,Scaled-Version_HTTP_noconpool_10_threads 1-2,text,true,,1309,191,10,10,144,0,0
1497142770440,141,Login,200,OK,Scaled-Version_HTTP_noconpool_10_threads 1-9,text,true,,11819,217,10,10,141,0,0
1497142770462,145,Login,200,OK,Scaled-Version_HTTP_noconpool_10_threads 1-1,text,true,,11819,217,10,10,138,0,0
1497142770480,130,Search,200,,Scaled-Version_HTTP_noconpool_10_threads 1-5,text,true,,1309,192,10,10,130,0,0
1497142770480,141,Login,200,OK,Scaled-Version_HTTP_noconpool_10_threads 1-4,text,true,,11819,217,10,10,139,0,0
1497142770512,143,Search,200,,Scaled-Version_HTTP_noconpool_10_threads 1-3,text,true,,1309,183,10,10,143,0,0
1497142770512,143,Search,200,,Scaled-Version_HTTP_noconpool_10_threads 1-8,text,true,,1309,191,10,10,143,0,0
1497142770512,143,Login,200,OK,Scaled-Version_HTTP_noconpool_10_threads 1-7,text,true,,11819,217,10,10,136,0,0
1497142770512,144,Login,200,OK,Scaled-Version_HTTP_noconpool_10_threads 1-10,text,true,,11819,217,10,10,143,0,0
1497142770581,131,Search,200,,Scaled-Version_HTTP_noconpool_10_threads 1-9,text,true,,1309,191,10,10,131,0,0
1497142770574,139,Search,200,,Scaled-Version_HTTP_noconpool_10_threads 1-6,text,true,,1309,183,10,10,139,0,0
1497142770581,139,Login,200,OK,Scaled-Version_HTTP_noconpool_10_threads 1-2,text,true,,11819,217,10,10,139,0,0
1497142770608,129,Search,200,,Scaled-Version_HTTP_noconpool_10_threads 1-1,text,true,,1309,192,10,10,129,0,0
1497142770610,134,Login,200,OK,Scaled-Version_HTTP_noconpool_10_threads 1-5,text,true,,11819,217,10,10,134,0,0
1497142770621,138,Search,200,,Scaled-Version_HTTP_noconpool_10_threads 1-4,text,true,,1309,183,10,10,138,0,0
1497142770655,139,Login,200,OK,Scaled-Version_HTTP_noconpool_10_threads 1-8,text,true,,11819,217,10,10,137,0,0
1497142770655,139,Search,200,,Scaled-Version_HTTP_noconpool_10_threads 1-7,text,true,,1309,192,10,10,139,0,0
1497142770655,142,Login,200,OK,Scaled-Version_HTTP_noconpool_10_threads 1-3,text,true,,11819,217,10,10,139,0,0
1497142770656,141,Search,200,,Scaled-Version_HTTP_noconpool_10_threads 1-10,text,true,,1309,191,10,10,141,0,0
1497142770712,136,Login,200,OK,Scaled-Version_HTTP_noconpool_10_threads 1-9,text,true,,11819,217,10,10,134,0,0
1497142770713,136,Login,200,OK,Scaled-Version_HTTP_noconpool_10_threads 1-6,text,true,,11819,217,10,10,136,0,0
1497142770720,136,Search,200,,Scaled-Version_HTTP_noconpool_10_threads 1-2,text,true,,1309,191,10,10,136,0,0
1497142770737,133,Login,200,OK,Scaled-Version_HTTP_noconpool_10_threads 1-1,text,true,,11819,217,10,10,133,0,0
1497142770744,130,Search,200,,Scaled-Version_HTTP_noconpool_10_threads 1-5,text,true,,1309,183,10,10,130,0,0
1497142770759,144,Login,200,OK,Scaled-Version_HTTP_noconpool_10_threads 1-4,text,true,,11819,217,10,10,144,0,0
1497142770794,143,Search,200,,Scaled-Version_HTTP_noconpool_10_threads 1-8,text,true,,1309,192,10,10,143,0,0
1497142770797,140,Search,200,,Scaled-Version_HTTP_noconpool_10_threads 1-3,text,true,,1309,183,10,10,140,0,0
1497142770794,143,Login,200,OK,Scaled-Version_HTTP_noconpool_10_threads 1-7,text,true,,11819,217,10,10,143,0,0
1497142770798,141,Login,200,OK,Scaled-Version_HTTP_noconpool_10_threads 1-10,text,true,,11819,217,10,10,139,0,0
1497142770856,137,Login,200,OK,Scaled-Version_HTTP_noconpool_10_threads 1-2,text,true,,11819,217,10,10,137,0,0
1497142770848,156,Search,200,,Scaled-Version_HTTP_noconpool_10_threads 1-9,text,true,,1309,191,10,10,156,0,0
1497142770849,155,Search,200,,Scaled-Version_HTTP_noconpool_10_threads 1-6,text,true,,1309,192,10,10,155,0,0
1497142770871,134,Search,200,,Scaled-Version_HTTP_noconpool_10_threads 1-1,text,true,,1309,191,10,10,134,0,0
1497142770874,143,Login,200,OK,Scaled-Version_HTTP_noconpool_10_threads 1-5,text,true,,11819,217,10,10,140,0,0
1497142770904,139,Search,200,,Scaled-Version_HTTP_noconpool_10_threads 1-4,text,true,,1309,192,10,10,139,0,0
1497142770937,138,Login,200,OK,Scaled-Version_HTTP_noconpool_10_threads 1-8,text,true,,11819,217,10,10,138,0,0
1497142770937,141,Login,200,OK,Scaled-Version_HTTP_noconpool_10_threads 1-3,text,true,,11819,217,10,10,141,0,0
1497142770939,143,Search,200,,Scaled-Version_HTTP_noconpool_10_threads 1-10,text,true,,1309,191,10,10,143,0,0
1497142770937,145,Search,200,,Scaled-Version_HTTP_noconpool_10_threads 1-7,text,true,,1309,191,10,10,145,0,0
1497142770993,140,Search,200,,Scaled-Version_HTTP_noconpool_10_threads 1-2,text,true,,1309,192,10,10,140,0,0
1497142771004,138,Login,200,OK,Scaled-Version_HTTP_noconpool_10_threads 1-6,text,true,,11819,217,10,10,138,0,0
1497142771004,142,Login,200,OK,Scaled-Version_HTTP_noconpool_10_threads 1-9,text,true,,11819,217,10,10,142,0,0
1497142771017,131,Search,200,,Scaled-Version_HTTP_noconpool_10_threads 1-5,text,true,,1309,191,10,10,131,0,0
1497142771043,136,Login,200,OK,Scaled-Version_HTTP_noconpool_10_threads 1-4,text,true,,11819,217,10,10,136,0,0
1497142771075,135,Search,200,,Scaled-Version_HTTP_noconpool_10_threads 1-8,text,true,,1309,183,10,10,135,0,0
1497142771079,148,Search,200,,Scaled-Version_HTTP_noconpool_10_threads 1-3,text,true,,1309,192,10,10,148,0,0
1497142771082,145,Login,200,OK,Scaled-Version_HTTP_noconpool_10_threads 1-10,text,true,,11819,217,10,10,145,0,0
1497142771082,146,Login,200,OK,Scaled-Version_HTTP_noconpool_10_threads 1-7,text,true,,11819,217,10,10,146,0,0
1497142771143,135,Search,200,,Scaled-Version_HTTP_noconpool_10_threads 1-6,text,true,,1309,191,10,10,135,0,0
1497142771005,276,Login,200,OK,Scaled-Version_HTTP_noconpool_10_threads 1-1,text,true,,11820,217,10,10,275,0,142
1497142771146,136,Search,200,,Scaled-Version_HTTP_noconpool_10_threads 1-9,text,true,,1309,191,10,10,136,0,0
1497142771148,145,Login,200,OK,Scaled-Version_HTTP_noconpool_10_threads 1-5,text,true,,11819,217,10,10,145,0,0
1497142771179,131,Search,200,,Scaled-Version_HTTP_noconpool_10_threads 1-4,text,true,,1309,183,10,10,131,0,0
1497142771210,136,Login,200,OK,Scaled-Version_HTTP_noconpool_10_threads 1-8,text,true,,11819,217,10,10,136,0,0
1497142771227,145,Search,200,,Scaled-Version_HTTP_noconpool_10_threads 1-10,text,true,,1309,192,10,10,145,0,0
1497142771228,153,Search,200,,Scaled-Version_HTTP_noconpool_10_threads 1-7,text,true,,1309,191,10,10,153,0,0
1497142771134,278,Login,200,OK,Scaled-Version_HTTP_noconpool_10_threads 1-2,text,true,,11820,217,10,10,278,0,134
1497142771278,136,Login,200,OK,Scaled-Version_HTTP_noconpool_10_threads 1-6,text,true,,11819,217,10,10,135,0,0
1497142771282,142,Search,200,,Scaled-Version_HTTP_noconpool_10_threads 1-1,text,true,,1309,192,10,10,142,0,0
1497142771282,142,Login,200,OK,Scaled-Version_HTTP_noconpool_10_threads 1-9,text,true,,11819,217,10,10,142,0,0
1497142771293,135,Search,200,,Scaled-Version_HTTP_noconpool_10_threads 1-5,text,true,,1309,183,10,10,135,0,0
1497142771347,135,Search,200,,Scaled-Version_HTTP_noconpool_10_threads 1-8,text,true,,1309,183,10,10,135,0,0
1497142771372,142,Login,200,OK,Scaled-Version_HTTP_noconpool_10_threads 1-10,text,true,,11819,217,10,10,142,0,0
1497142771382,145,Login,200,OK,Scaled-Version_HTTP_noconpool_10_threads 1-7,text,true,,11819,217,10,10,145,0,0
1497142771227,300,Login,200,OK,Scaled-Version_HTTP_noconpool_10_threads 1-3,text,true,,11820,217,10,10,300,0,154
1497142771412,135,Search,200,,Scaled-Version_HTTP_noconpool_10_threads 1-2,text,true,,1309,191,10,10,135,0,0
1497142771414,135,Search,200,,Scaled-Version_HTTP_noconpool_10_threads 1-6,text,true,,1309,183,10,10,134,0,0
1497142771424,143,Search,200,,Scaled-Version_HTTP_noconpool_10_threads 1-9,text,true,,1309,192,10,10,143,0,0
1497142771424,143,Login,200,OK,Scaled-Version_HTTP_noconpool_10_threads 1-1,text,true,,11819,217,10,10,143,0,0
1497142771310,284,Login,200,OK,Scaled-Version_HTTP_noconpool_10_threads 1-4,text,true,,11820,217,10,10,284,0,137
1497142771482,137,Login,200,OK,Scaled-Version_HTTP_noconpool_10_threads 1-8,text,true,,11819,217,10,10,137,0,0
1497142771514,137,Search,200,,Scaled-Version_HTTP_noconpool_10_threads 1-10,text,true,,1309,192,10,10,137,0,0
1497142771528,136,Search,200,,Scaled-Version_HTTP_noconpool_10_threads 1-7,text,true,,1309,192,10,10,136,0,0
1497142771528,136,Search,200,,Scaled-Version_HTTP_noconpool_10_threads 1-3,text,true,,1309,183,10,10,136,0,0
1497142771547,142,Login,200,OK,Scaled-Version_HTTP_noconpool_10_threads 1-2,text,true,,11819,217,10,10,142,0,0
1497142771428,295,Login,200,OK,Scaled-Version_HTTP_noconpool_10_threads 1-5,text,true,,11820,217,10,10,293,0,138
1497142771567,156,Search,200,,Scaled-Version_HTTP_noconpool_10_threads 1-1,text,true,,1309,183,10,10,156,0,0
1497142771567,160,Login,200,OK,Scaled-Version_HTTP_noconpool_10_threads 1-9,text,true,,11819,217,10,10,156,0,0
1497142771595,138,Search,200,,Scaled-Version_HTTP_noconpool_10_threads 1-4,text,true,,1309,183,10,10,138,0,0
1497142771619,134,Search,200,,Scaled-Version_HTTP_noconpool_10_threads 1-8,text,true,,1309,191,10,10,134,0,0
1497142771651,143,Login,200,OK,Scaled-Version_HTTP_noconpool_10_threads 1-10,text,true,,11819,217,10,10,142,0,0
1497142771664,136,Login,200,OK,Scaled-Version_HTTP_noconpool_10_threads 1-3,text,true,,11819,217,10,10,136,0,0
1497142771549,275,Login,200,OK,Scaled-Version_HTTP_noconpool_10_threads 1-6,text,true,,11820,217,10,10,275,0,140
1497142771689,135,Search,200,,Scaled-Version_HTTP_noconpool_10_threads 1-2,text,true,,1309,191,10,10,135,0,0
1497142771724,143,Login,200,OK,Scaled-Version_HTTP_noconpool_10_threads 1-1,text,true,,11819,217,10,10,143,0,0
1497142771724,143,Search,200,,Scaled-Version_HTTP_noconpool_10_threads 1-5,text,true,,1309,183,10,10,143,0,0
1497142771727,142,Search,200,,Scaled-Version_HTTP_noconpool_10_threads 1-9,text,true,,1309,191,10,10,142,0,0
1497142771733,137,Login,200,OK,Scaled-Version_HTTP_noconpool_10_threads 1-4,text,true,,11819,217,10,10,137,0,0
1497142771794,133,Search,200,,Scaled-Version_HTTP_noconpool_10_threads 1-10,text,true,,1309,192,10,10,133,0,0
1497142771664,275,Login,200,OK,Scaled-Version_HTTP_noconpool_10_threads 1-7,text,true,,11820,217,10,10,275,0,136
1497142771800,139,Search,200,,Scaled-Version_HTTP_noconpool_10_threads 1-3,text,true,,1309,192,10,10,139,0,0
1497142771825,136,Search,200,,Scaled-Version_HTTP_noconpool_10_threads 1-6,text,true,,1309,192,10,10,136,0,0
1497142771825,144,Login,200,OK,Scaled-Version_HTTP_noconpool_10_threads 1-2,text,true,,11819,217,10,10,144,0,0
1497142771867,135,Search,200,,Scaled-Version_HTTP_noconpool_10_threads 1-1,text,true,,1309,192,10,10,135,0,0
1497142771870,135,Search,200,,Scaled-Version_HTTP_noconpool_10_threads 1-4,text,true,,1309,183,10,10,135,0,0
1497142771867,139,Login,200,OK,Scaled-Version_HTTP_noconpool_10_threads 1-5,text,true,,11819,217,10,10,139,0,0
1497142771753,274,Login,200,OK,Scaled-Version_HTTP_noconpool_10_threads 1-8,text,true,,11820,217,10,10,274,0,130
1497142771940,133,Login,200,OK,Scaled-Version_HTTP_noconpool_10_threads 1-3,text,true,,11819,217,10,10,132,0,0
1497142771940,135,Search,200,,Scaled-Version_HTTP_noconpool_10_threads 1-7,text,true,,1309,191,10,10,135,0,0
1497142771962,140,Login,200,OK,Scaled-Version_HTTP_noconpool_10_threads 1-6,text,true,,11819,217,10,10,139,0,0
1497142771969,134,Search,200,,Scaled-Version_HTTP_noconpool_10_threads 1-2,text,true,,1309,183,10,10,133,0,0
1497142771869,275,Login,200,OK,Scaled-Version_HTTP_noconpool_10_threads 1-9,text,true,,11820,217,10,10,270,0,131
1497142772003,141,Login,200,OK,Scaled-Version_HTTP_noconpool_10_threads 1-1,text,true,,11819,217,10,10,141,0,0
1497142772006,140,Search,200,,Scaled-Version_HTTP_noconpool_10_threads 1-5,text,true,,1309,183,10,10,140,0,0
1497142772005,141,Login,200,OK,Scaled-Version_HTTP_noconpool_10_threads 1-4,text,true,,11819,217,10,10,141,0,0
1497142772027,130,Search,200,,Scaled-Version_HTTP_noconpool_10_threads 1-8,text,true,,1309,191,10,10,130,0,0
1497142772073,134,Search,200,,Scaled-Version_HTTP_noconpool_10_threads 1-3,text,true,,1309,191,10,10,134,0,0
1497142771927,283,Login,200,OK,Scaled-Version_HTTP_noconpool_10_threads 1-10,text,true,,11820,217,10,10,283,0,147
1497142772076,143,Login,200,OK,Scaled-Version_HTTP_noconpool_10_threads 1-7,text,true,,11819,217,10,10,143,0,0
1497142772103,140,Login,200,OK,Scaled-Version_HTTP_noconpool_10_threads 1-2,text,true,,11819,217,10,10,139,0,0
1497142772103,143,Search,200,,Scaled-Version_HTTP_noconpool_10_threads 1-6,text,true,,1309,191,10,10,143,0,0
1497142772144,133,Search,200,,Scaled-Version_HTTP_noconpool_10_threads 1-1,text,true,,1309,192,10,10,133,0,0
1497142772144,133,Search,200,,Scaled-Version_HTTP_noconpool_10_threads 1-9,text,true,,1309,192,10,10,133,0,0
1497142772147,134,Login,200,OK,Scaled-Version_HTTP_noconpool_10_threads 1-5,text,true,,11819,217,10,10,134,0,0
1497142772147,135,Search,200,,Scaled-Version_HTTP_noconpool_10_threads 1-4,text,true,,1309,191,10,10,135,0,0
1497142772157,138,Login,200,OK,Scaled-Version_HTTP_noconpool_10_threads 1-8,text,true,,11819,217,10,10,137,0,0
1497142772208,137,Login,200,OK,Scaled-Version_HTTP_noconpool_10_threads 1-3,text,true,,11819,217,10,10,137,0,0
1497142772211,139,Search,200,,Scaled-Version_HTTP_noconpool_10_threads 1-10,text,true,,1309,192,10,10,139,0,0
1497142772219,132,Search,200,,Scaled-Version_HTTP_noconpool_10_threads 1-7,text,true,,1309,191,10,10,132,0,0
1497142772243,133,Search,200,,Scaled-Version_HTTP_noconpool_10_threads 1-2,text,true,,1309,192,10,10,133,0,0
1497142772246,135,Login,200,OK,Scaled-Version_HTTP_noconpool_10_threads 1-6,text,true,,11819,217,10,10,135,0,0
1497142772277,138,Login,200,OK,Scaled-Version_HTTP_noconpool_10_threads 1-1,text,true,,11819,217,10,10,133,0,0
1497142772278,144,Login,200,OK,Scaled-Version_HTTP_noconpool_10_threads 1-9,text,true,,11819,217,10,10,144,0,0
1497142772282,141,Login,200,OK,Scaled-Version_HTTP_noconpool_10_threads 1-4,text,true,,11819,217,10,10,141,0,0
1497142772282,142,Search,200,,Scaled-Version_HTTP_noconpool_10_threads 1-5,text,true,,1309,192,10,10,142,0,0
1497142772295,140,Search,200,,Scaled-Version_HTTP_noconpool_10_threads 1-8,text,true,,1309,191,10,10,140,0,0
1497142772345,134,Search,200,,Scaled-Version_HTTP_noconpool_10_threads 1-3,text,true,,1309,192,10,10,134,0,0
1497142772350,137,Login,200,OK,Scaled-Version_HTTP_noconpool_10_threads 1-10,text,true,,11819,217,10,10,135,0,0
1497142772351,138,Login,200,OK,Scaled-Version_HTTP_noconpool_10_threads 1-7,text,true,,11819,217,10,10,138,0,0
1497142772377,133,Login,200,OK,Scaled-Version_HTTP_noconpool_10_threads 1-2,text,true,,11819,217,10,10,132,0,0
1497142772382,135,Search,200,,Scaled-Version_HTTP_noconpool_10_threads 1-6,text,true,,1309,192,10,10,135,0,0
1497142772415,133,Search,200,,Scaled-Version_HTTP_noconpool_10_threads 1-1,text,true,,1309,191,10,10,133,0,0
1497142772423,131,Search,200,,Scaled-Version_HTTP_noconpool_10_threads 1-9,text,true,,1309,183,10,10,131,0,0
1497142772424,131,Search,200,,Scaled-Version_HTTP_noconpool_10_threads 1-4,text,true,,1309,192,10,10,131,0,0
1497142772424,142,Login,200,OK,Scaled-Version_HTTP_noconpool_10_threads 1-5,text,true,,11819,217,10,10,134,0,0
1497142772435,141,Login,200,OK,Scaled-Version_HTTP_noconpool_10_threads 1-8,text,true,,11819,217,10,10,136,0,0
1497142772479,134,Login,200,OK,Scaled-Version_HTTP_noconpool_10_threads 1-3,text,true,,11819,217,10,10,133,0,0
1497142772487,132,Search,200,,Scaled-Version_HTTP_noconpool_10_threads 1-10,text,true,,1309,192,10,10,132,0,0
1497142772489,131,Search,200,,Scaled-Version_HTTP_noconpool_10_threads 1-7,text,true,,1309,191,10,10,131,0,0
1497142772511,142,Search,200,,Scaled-Version_HTTP_noconpool_10_threads 1-2,text,true,,1309,192,10,10,142,0,0
1497142772518,138,Login,200,OK,Scaled-Version_HTTP_noconpool_10_threads 1-6,text,true,,11819,217,10,10,135,0,0
1497142772549,136,Login,200,OK,Scaled-Version_HTTP_noconpool_10_threads 1-1,text,true,,11819,217,10,10,135,0,0
1497142772554,134,Login,200,OK,Scaled-Version_HTTP_noconpool_10_threads 1-9,text,true,,11819,217,10,10,134,0,0
1497142772555,137,Login,200,OK,Scaled-Version_HTTP_noconpool_10_threads 1-4,text,true,,11819,217,10,10,137,0,0
1497142772567,132,Search,200,,Scaled-Version_HTTP_noconpool_10_threads 1-5,text,true,,1309,183,10,10,132,0,0
1497142772577,134,Search,200,,Scaled-Version_HTTP_noconpool_10_threads 1-8,text,true,,1309,183,10,10,134,0,0
1497142772613,131,Search,200,,Scaled-Version_HTTP_noconpool_10_threads 1-3,text,true,,1309,192,10,10,131,0,0
1497142772620,138,Login,200,OK,Scaled-Version_HTTP_noconpool_10_threads 1-10,text,true,,11819,217,10,10,138,0,0
1497142772621,157,Login,200,OK,Scaled-Version_HTTP_noconpool_10_threads 1-7,text,true,,11819,217,10,10,157,0,0
1497142772656,134,Search,200,,Scaled-Version_HTTP_noconpool_10_threads 1-6,text,true,,1309,191,10,10,134,0,0
1497142772653,137,Login,200,OK,Scaled-Version_HTTP_noconpool_10_threads 1-2,text,true,,11819,217,10,10,137,0,0
1497142772685,132,Search,200,,Scaled-Version_HTTP_noconpool_10_threads 1-1,text,true,,1309,183,10,10,132,0,0
1497142772689,132,Search,200,,Scaled-Version_HTTP_noconpool_10_threads 1-9,text,true,,1309,183,10,10,132,0,0
1497142772692,136,Search,200,,Scaled-Version_HTTP_noconpool_10_threads 1-4,text,true,,1309,183,10,10,136,0,0
1497142772700,136,Login,200,OK,Scaled-Version_HTTP_noconpool_10_threads 1-5,text,true,,11819,217,10,10,136,0,0
1497142772712,134,Login,200,OK,Scaled-Version_HTTP_noconpool_10_threads 1-8,text,true,,11819,217,10,10,134,0,0
1497142772745,137,Login,200,OK,Scaled-Version_HTTP_noconpool_10_threads 1-3,text,true,,11819,217,10,10,137,0,0
1497142772758,131,Search,200,,Scaled-Version_HTTP_noconpool_10_threads 1-10,text,true,,1309,192,10,10,131,0,0
1497142772778,131,Search,200,,Scaled-Version_HTTP_noconpool_10_threads 1-7,text,true,,1309,183,10,10,131,0,0
1497142772790,135,Login,200,OK,Scaled-Version_HTTP_noconpool_10_threads 1-6,text,true,,11819,217,10,10,135,0,0
1497142772790,136,Search,200,,Scaled-Version_HTTP_noconpool_10_threads 1-2,text,true,,1309,183,10,10,136,0,0
1497142772817,151,Login,200,OK,Scaled-Version_HTTP_noconpool_10_threads 1-1,text,true,,11819,217,10,10,151,0,0
1497142772821,148,Login,200,OK,Scaled-Version_HTTP_noconpool_10_threads 1-9,text,true,,11819,217,10,10,148,0,0
1497142772828,143,Login,200,OK,Scaled-Version_HTTP_noconpool_10_threads 1-4,text,true,,11819,217,10,10,143,0,0
1497142772846,137,Search,200,,Scaled-Version_HTTP_noconpool_10_threads 1-8,text,true,,1309,191,10,10,137,0,0
1497142772836,147,Search,200,,Scaled-Version_HTTP_noconpool_10_threads 1-5,text,true,,1309,191,10,10,147,0,0
1497142772882,137,Search,200,,Scaled-Version_HTTP_noconpool_10_threads 1-3,text,true,,1309,183,10,10,136,0,0
1497142772889,134,Login,200,OK,Scaled-Version_HTTP_noconpool_10_threads 1-10,text,true,,11819,217,10,10,133,0,0
1497142772909,143,Login,200,OK,Scaled-Version_HTTP_noconpool_10_threads 1-7,text,true,,11819,217,10,10,143,0,0
1497142772925,132,Search,200,,Scaled-Version_HTTP_noconpool_10_threads 1-6,text,true,,1309,192,10,10,132,0,0
1497142772927,138,Login,200,OK,Scaled-Version_HTTP_noconpool_10_threads 1-2,text,true,,11819,217,10,10,138,0,0
1497142772969,137,Search,200,,Scaled-Version_HTTP_noconpool_10_threads 1-1,text,true,,1309,183,10,10,137,0,0
1497142772969,147,Search,200,,Scaled-Version_HTTP_noconpool_10_threads 1-9,text,true,,1309,191,10,10,147,0,0
1497142772971,145,Search,200,,Scaled-Version_HTTP_noconpool_10_threads 1-4,text,true,,1309,183,10,10,145,0,0
1497142772983,140,Login,200,OK,Scaled-Version_HTTP_noconpool_10_threads 1-5,text,true,,11819,217,10,10,140,0,0
1497142772983,141,Login,200,OK,Scaled-Version_HTTP_noconpool_10_threads 1-8,text,true,,11819,217,10,10,141,0,0
1497142773019,134,Login,200,OK,Scaled-Version_HTTP_noconpool_10_threads 1-3,text,true,,11819,217,10,10,134,0,0
1497142773024,149,Search,200,,Scaled-Version_HTTP_noconpool_10_threads 1-10,text,true,,1309,191,10,10,149,0,0
1497142773052,135,Search,200,,Scaled-Version_HTTP_noconpool_10_threads 1-7,text,true,,1309,183,10,10,135,0,0
1497142773057,138,Login,200,OK,Scaled-Version_HTTP_noconpool_10_threads 1-6,text,true,,11819,217,10,10,135,0,0
1497142773065,131,Search,200,,Scaled-Version_HTTP_noconpool_10_threads 1-2,text,true,,1309,192,10,10,131,0,0
1497142773116,141,Login,200,OK,Scaled-Version_HTTP_noconpool_10_threads 1-9,text,true,,11819,217,10,10,141,0,0
1497142773116,146,Login,200,OK,Scaled-Version_HTTP_noconpool_10_threads 1-4,text,true,,11819,217,10,10,142,0,0
1497142773123,139,Search,200,,Scaled-Version_HTTP_noconpool_10_threads 1-5,text,true,,1309,192,10,10,139,0,0
1497142773125,138,Search,200,,Scaled-Version_HTTP_noconpool_10_threads 1-8,text,true,,1309,192,10,10,138,0,0
1497142773154,132,Search,200,,Scaled-Version_HTTP_noconpool_10_threads 1-3,text,true,,1309,191,10,10,132,0,0
1497142773173,134,Login,200,OK,Scaled-Version_HTTP_noconpool_10_threads 1-10,text,true,,11819,217,10,10,133,0,0
1497142773195,133,Search,200,,Scaled-Version_HTTP_noconpool_10_threads 1-6,text,true,,1309,183,10,10,133,0,0
1497142773188,140,Login,200,OK,Scaled-Version_HTTP_noconpool_10_threads 1-7,text,true,,11819,217,10,10,140,0,0
1497142773107,287,Login,200,OK,Scaled-Version_HTTP_noconpool_10_threads 1-1,text,true,,11820,217,10,10,287,0,148
1497142773257,144,Search,200,,Scaled-Version_HTTP_noconpool_10_threads 1-9,text,true,,1309,191,10,10,144,0,0
1497142773263,138,Search,200,,Scaled-Version_HTTP_noconpool_10_threads 1-4,text,true,,1309,191,10,10,138,0,0
1497142773263,140,Login,200,OK,Scaled-Version_HTTP_noconpool_10_threads 1-5,text,true,,11819,217,10,10,140,0,0
1497142773263,144,Login,200,OK,Scaled-Version_HTTP_noconpool_10_threads 1-8,text,true,,11819,217,10,10,143,0,0
1497142773307,137,Search,200,,Scaled-Version_HTTP_noconpool_10_threads 1-10,text,true,,1309,191,10,10,137,0,0
1497142773328,135,Login,200,OK,Scaled-Version_HTTP_noconpool_10_threads 1-6,text,true,,11819,217,10,10,134,0,0
1497142773328,135,Search,200,,Scaled-Version_HTTP_noconpool_10_threads 1-7,text,true,,1309,192,10,10,135,0,0
1497142773197,278,Login,200,OK,Scaled-Version_HTTP_noconpool_10_threads 1-2,text,true,,11820,217,10,10,278,0,134
1497142773394,137,Search,200,,Scaled-Version_HTTP_noconpool_10_threads 1-1,text,true,,1309,192,10,10,137,0,0
1497142773401,138,Login,200,OK,Scaled-Version_HTTP_noconpool_10_threads 1-9,text,true,,11819,217,10,10,135,0,0
1497142773407,133,Search,200,,Scaled-Version_HTTP_noconpool_10_threads 1-8,text,true,,1309,183,10,10,133,0,0
1497142773404,136,Search,200,,Scaled-Version_HTTP_noconpool_10_threads 1-5,text,true,,1309,192,10,10,136,0,0
1497142773286,267,Login,200,OK,Scaled-Version_HTTP_noconpool_10_threads 1-3,text,true,,11820,217,10,10,267,0,130
1497142773445,136,Login,200,OK,Scaled-Version_HTTP_noconpool_10_threads 1-10,text,true,,11819,217,10,10,135,0,0
1497142773464,139,Search,200,,Scaled-Version_HTTP_noconpool_10_threads 1-6,text,true,,1309,191,10,10,139,0,0
1497142773464,139,Login,200,OK,Scaled-Version_HTTP_noconpool_10_threads 1-7,text,true,,11819,217,10,10,137,0,0
1497142773476,130,Search,200,,Scaled-Version_HTTP_noconpool_10_threads 1-2,text,true,,1309,191,10,10,130,0,0
1497142773401,288,Login,200,OK,Scaled-Version_HTTP_noconpool_10_threads 1-4,text,true,,11820,217,10,10,288,0,132
1497142773531,160,Login,200,OK,Scaled-Version_HTTP_noconpool_10_threads 1-1,text,true,,11819,217,10,10,160,0,0
1497142773540,151,Login,200,OK,Scaled-Version_HTTP_noconpool_10_threads 1-8,text,true,,11819,217,10,10,151,0,0
1497142773540,161,Search,200,,Scaled-Version_HTTP_noconpool_10_threads 1-9,text,true,,1309,183,10,10,161,0,0
1497142773553,152,Search,200,,Scaled-Version_HTTP_noconpool_10_threads 1-3,text,true,,1309,183,10,10,152,0,0
1497142773581,134,Search,200,,Scaled-Version_HTTP_noconpool_10_threads 1-10,text,true,,1309,183,10,10,134,0,0
1497142773603,132,Search,200,,Scaled-Version_HTTP_noconpool_10_threads 1-7,text,true,,1309,192,10,10,132,0,0
1497142773606,138,Login,200,OK,Scaled-Version_HTTP_noconpool_10_threads 1-2,text,true,,11819,217,10,10,134,0,0
1497142773691,136,Search,200,,Scaled-Version_HTTP_noconpool_10_threads 1-8,text,true,,1309,192,10,10,136,0,0
1497142773689,138,Search,200,,Scaled-Version_HTTP_noconpool_10_threads 1-4,text,true,,1309,192,10,10,138,0,0
1497142773691,136,Search,200,,Scaled-Version_HTTP_noconpool_10_threads 1-1,text,true,,1309,192,10,10,136,0,0
1497142773540,304,Login,200,OK,Scaled-Version_HTTP_noconpool_10_threads 1-5,text,true,,11820,217,10,10,303,0,161
1497142773701,147,Login,200,OK,Scaled-Version_HTTP_noconpool_10_threads 1-9,text,true,,11819,217,10,10,147,0,0
1497142773705,145,Login,200,OK,Scaled-Version_HTTP_noconpool_10_threads 1-3,text,true,,11819,217,10,10,145,0,0
1497142773716,139,Login,200,OK,Scaled-Version_HTTP_noconpool_10_threads 1-10,text,true,,11819,217,10,10,139,0,0
1497142773603,269,Login,200,OK,Scaled-Version_HTTP_noconpool_10_threads 1-6,text,true,,11820,217,10,10,268,0,134
1497142773745,134,Search,200,,Scaled-Version_HTTP_noconpool_10_threads 1-2,text,true,,1309,192,10,10,134,0,0
1497142773827,134,Login,200,OK,Scaled-Version_HTTP_noconpool_10_threads 1-1,text,true,,11819,217,10,10,133,0,0
1497142773827,143,Login,200,OK,Scaled-Version_HTTP_noconpool_10_threads 1-4,text,true,,11819,217,10,10,139,0,0
1497142773844,138,Search,200,,Scaled-Version_HTTP_noconpool_10_threads 1-5,text,true,,1309,183,10,10,138,0,0
1497142773850,136,Search,200,,Scaled-Version_HTTP_noconpool_10_threads 1-3,text,true,,1309,191,10,10,136,0,0
1497142773849,137,Search,200,,Scaled-Version_HTTP_noconpool_10_threads 1-9,text,true,,1309,183,10,10,137,0,0
1497142773855,134,Search,200,,Scaled-Version_HTTP_noconpool_10_threads 1-10,text,true,,1309,191,10,10,134,0,0
1497142773736,278,Login,200,OK,Scaled-Version_HTTP_noconpool_10_threads 1-7,text,true,,11820,217,10,10,278,0,137
1497142773873,145,Search,200,,Scaled-Version_HTTP_noconpool_10_threads 1-6,text,true,,1309,191,10,10,145,0,0
1497142773880,138,Login,200,OK,Scaled-Version_HTTP_noconpool_10_threads 1-2,text,true,,11819,217,10,10,138,0,0
1497142773961,149,Search,200,,Scaled-Version_HTTP_noconpool_10_threads 1-1,text,true,,1309,183,10,10,149,0,0
1497142773827,283,Login,200,OK,Scaled-Version_HTTP_noconpool_10_threads 1-8,text,true,,11820,217,10,10,283,0,134
1497142773971,139,Search,200,,Scaled-Version_HTTP_noconpool_10_threads 1-4,text,true,,1309,183,10,10,139,0,0
1497142773983,137,Login,200,OK,Scaled-Version_HTTP_noconpool_10_threads 1-5,text,true,,11819,217,10,10,137,0,0
1497142773987,136,Login,200,OK,Scaled-Version_HTTP_noconpool_10_threads 1-3,text,true,,11819,217,10,10,136,0,0
1497142774014,132,Search,200,,Scaled-Version_HTTP_noconpool_10_threads 1-7,text,true,,1309,183,10,10,132,0,0
1497142774019,136,Search,200,,Scaled-Version_HTTP_noconpool_10_threads 1-2,text,true,,1309,183,10,10,136,0,0
1497142774019,137,Login,200,OK,Scaled-Version_HTTP_noconpool_10_threads 1-6,text,true,,11819,217,10,10,136,0,0
1497142774110,138,Login,200,OK,Scaled-Version_HTTP_noconpool_10_threads 1-1,text,true,,11819,217,10,10,138,0,0
1497142774110,141,Login,200,OK,Scaled-Version_HTTP_noconpool_10_threads 1-4,text,true,,11819,217,10,10,141,0,0
1497142774110,141,Search,200,,Scaled-Version_HTTP_noconpool_10_threads 1-8,text,true,,1309,192,10,10,141,0,0
1497142774121,136,Search,200,,Scaled-Version_HTTP_noconpool_10_threads 1-5,text,true,,1309,183,10,10,136,0,0
1497142773987,272,Login,200,OK,Scaled-Version_HTTP_noconpool_10_threads 1-9,text,true,,11820,217,10,10,270,0,136
1497142774124,140,Search,200,,Scaled-Version_HTTP_noconpool_10_threads 1-3,text,true,,1309,192,10,10,140,0,0
1497142773990,274,Login,200,OK,Scaled-Version_HTTP_noconpool_10_threads 1-10,text,true,,11820,217,10,10,274,0,133
1497142774146,134,Login,200,OK,Scaled-Version_HTTP_noconpool_10_threads 1-7,text,true,,11819,217,10,10,133,0,0
1497142774156,142,Search,200,,Scaled-Version_HTTP_noconpool_10_threads 1-6,text,true,,1309,192,10,10,142,0,0
1497142774156,142,Login,200,OK,Scaled-Version_HTTP_noconpool_10_threads 1-2,text,true,,11819,217,10,10,142,0,0
1497142774249,132,Search,200,,Scaled-Version_HTTP_noconpool_10_threads 1-1,text,true,,1309,191,10,10,132,0,0
1497142774251,143,Search,200,,Scaled-Version_HTTP_noconpool_10_threads 1-4,text,true,,1309,183,10,10,143,0,0
1497142774251,143,Login,200,OK,Scaled-Version_HTTP_noconpool_10_threads 1-8,text,true,,11819,217,10,10,143,0,0
1497142774258,140,Login,200,OK,Scaled-Version_HTTP_noconpool_10_threads 1-5,text,true,,11819,217,10,10,140,0,0
1497142774259,141,Search,200,,Scaled-Version_HTTP_noconpool_10_threads 1-9,text,true,,1309,192,10,10,141,0,0
1497142774264,136,Search,200,,Scaled-Version_HTTP_noconpool_10_threads 1-10,text,true,,1309,191,10,10,136,0,0
1497142774264,141,Login,200,OK,Scaled-Version_HTTP_noconpool_10_threads 1-3,text,true,,11819,217,10,10,141,0,0
1497142774281,135,Search,200,,Scaled-Version_HTTP_noconpool_10_threads 1-7,text,true,,1309,183,10,10,135,0,0
1497142774298,134,Login,200,OK,Scaled-Version_HTTP_noconpool_10_threads 1-6,text,true,,11819,217,10,10,133,0,0
1497142774298,134,Search,200,,Scaled-Version_HTTP_noconpool_10_threads 1-2,text,true,,1309,191,10,10,134,0,0
1497142774381,139,Login,200,OK,Scaled-Version_HTTP_noconpool_10_threads 1-1,text,true,,11819,217,10,10,139,0,0
1497142774394,155,Login,200,OK,Scaled-Version_HTTP_noconpool_10_threads 1-4,text,true,,11819,217,10,10,155,0,0
1497142774400,149,Login,200,OK,Scaled-Version_HTTP_noconpool_10_threads 1-9,text,true,,11819,217,10,10,149,0,0
1497142774395,156,Search,200,,Scaled-Version_HTTP_noconpool_10_threads 1-8,text,true,,1309,191,10,10,156,0,0
1497142774405,146,Search,200,,Scaled-Version_HTTP_noconpool_10_threads 1-3,text,true,,1309,192,10,10,146,0,0
1497142774400,151,Login,200,OK,Scaled-Version_HTTP_noconpool_10_threads 1-10,text,true,,11819,217,10,10,151,0,0
1497142774399,152,Search,200,,Scaled-Version_HTTP_noconpool_10_threads 1-5,text,true,,1309,191,10,10,152,0,0
1497142774416,137,Login,200,OK,Scaled-Version_HTTP_noconpool_10_threads 1-7,text,true,,11819,217,10,10,137,0,0
1497142774433,142,Login,200,OK,Scaled-Version_HTTP_noconpool_10_threads 1-2,text,true,,11819,217,10,10,142,0,0
1497142774432,144,Search,200,,Scaled-Version_HTTP_noconpool_10_threads 1-6,text,true,,1309,192,10,10,144,0,0
1497142774520,137,Search,200,,Scaled-Version_HTTP_noconpool_10_threads 1-1,text,true,,1309,191,10,10,137,0,0
1497142774549,138,Search,200,,Scaled-Version_HTTP_noconpool_10_threads 1-4,text,true,,1309,191,10,10,138,0,0
1497142774549,139,Search,200,,Scaled-Version_HTTP_noconpool_10_threads 1-9,text,true,,1309,191,10,10,139,0,0
1497142774551,137,Search,200,,Scaled-Version_HTTP_noconpool_10_threads 1-10,text,true,,1309,183,10,10,137,0,0
1497142774551,147,Login,200,OK,Scaled-Version_HTTP_noconpool_10_threads 1-8,text,true,,11819,217,10,10,144,0,0
1497142774553,145,Search,200,,Scaled-Version_HTTP_noconpool_10_threads 1-7,text,true,,1309,191,10,10,145,0,0
1497142774551,147,Login,200,OK,Scaled-Version_HTTP_noconpool_10_threads 1-3,text,true,,11819,217,10,10,147,0,0
1497142774552,153,Login,200,OK,Scaled-Version_HTTP_noconpool_10_threads 1-5,text,true,,11819,217,10,10,153,0,0
1497142774576,136,Search,200,,Scaled-Version_HTTP_noconpool_10_threads 1-2,text,true,,1309,191,10,10,136,0,0
1497142774576,136,Login,200,OK,Scaled-Version_HTTP_noconpool_10_threads 1-6,text,true,,11819,217,10,10,136,0,0
1497142774658,134,Login,200,OK,Scaled-Version_HTTP_noconpool_10_threads 1-1,text,true,,11819,217,10,10,134,0,0
1497142774688,139,Login,200,OK,Scaled-Version_HTTP_noconpool_10_threads 1-4,text,true,,11819,217,10,10,138,0,0
1497142774689,150,Login,200,OK,Scaled-Version_HTTP_noconpool_10_threads 1-10,text,true,,11819,217,10,10,149,0,0
1497142774689,154,Login,200,OK,Scaled-Version_HTTP_noconpool_10_threads 1-9,text,true,,11819,217,10,10,153,0,0
1497142774699,151,Login,200,OK,Scaled-Version_HTTP_noconpool_10_threads 1-7,text,true,,11819,217,10,10,145,0,0
1497142774699,151,Search,200,,Scaled-Version_HTTP_noconpool_10_threads 1-3,text,true,,1309,191,10,10,151,0,0
1497142774698,152,Search,200,,Scaled-Version_HTTP_noconpool_10_threads 1-8,text,true,,1309,183,10,10,152,0,0
1497142774705,147,Search,200,,Scaled-Version_HTTP_noconpool_10_threads 1-5,text,true,,1309,191,10,10,147,0,0
1497142774712,140,Search,200,,Scaled-Version_HTTP_noconpool_10_threads 1-6,text,true,,1309,192,10,10,140,0,0
1497142774712,140,Login,200,OK,Scaled-Version_HTTP_noconpool_10_threads 1-2,text,true,,11819,217,10,10,140,0,0
1497142774793,140,Search,200,,Scaled-Version_HTTP_noconpool_10_threads 1-1,text,true,,1309,192,10,10,140,0,0
1497142774828,131,Search,200,,Scaled-Version_HTTP_noconpool_10_threads 1-4,text,true,,1309,191,10,10,131,0,0
1497142774839,130,Search,200,,Scaled-Version_HTTP_noconpool_10_threads 1-10,text,true,,1309,183,10,10,130,0,0
1497142774844,130,Search,200,,Scaled-Version_HTTP_noconpool_10_threads 1-9,text,true,,1309,183,10,10,130,0,0
1497142774850,136,Login,200,OK,Scaled-Version_HTTP_noconpool_10_threads 1-8,text,true,,11819,217,10,10,135,0,0
1497142774850,143,Login,200,OK,Scaled-Version_HTTP_noconpool_10_threads 1-3,text,true,,11819,217,10,10,140,0,0
1497142774850,143,Search,200,,Scaled-Version_HTTP_noconpool_10_threads 1-7,text,true,,1309,183,10,10,143,0,0
1497142774852,144,Login,200,OK,Scaled-Version_HTTP_noconpool_10_threads 1-5,text,true,,11819,217,10,10,141,0,0
1497142774853,144,Login,200,OK,Scaled-Version_HTTP_noconpool_10_threads 1-6,text,true,,11819,217,10,10,143,0,0
1497142774853,144,Search,200,,Scaled-Version_HTTP_noconpool_10_threads 1-2,text,true,,1309,183,10,10,144,0,0
1497142774933,141,Login,200,OK,Scaled-Version_HTTP_noconpool_10_threads 1-1,text,true,,11819,217,10,10,134,0,0
1497142774959,150,Login,200,OK,Scaled-Version_HTTP_noconpool_10_threads 1-4,text,true,,11819,217,10,10,150,0,0
1497142774969,141,Login,200,OK,Scaled-Version_HTTP_noconpool_10_threads 1-10,text,true,,11819,217,10,10,141,0,0
1497142774975,141,Login,200,OK,Scaled-Version_HTTP_noconpool_10_threads 1-9,text,true,,11819,217,10,10,141,0,0
1497142774986,148,Search,200,,Scaled-Version_HTTP_noconpool_10_threads 1-8,text,true,,1309,191,10,10,148,0,0
1497142774996,143,Search,200,,Scaled-Version_HTTP_noconpool_10_threads 1-5,text,true,,1309,191,10,10,143,0,0
1497142774993,146,Search,200,,Scaled-Version_HTTP_noconpool_10_threads 1-3,text,true,,1309,183,10,10,146,0,0
1497142774993,146,Login,200,OK,Scaled-Version_HTTP_noconpool_10_threads 1-7,text,true,,11819,217,10,10,146,0,0
1497142774997,144,Login,200,OK,Scaled-Version_HTTP_noconpool_10_threads 1-2,text,true,,11819,217,10,10,143,0,0
1497142774997,145,Search,200,,Scaled-Version_HTTP_noconpool_10_threads 1-6,text,true,,1309,191,10,10,145,0,0
1497142775075,136,Search,200,,Scaled-Version_HTTP_noconpool_10_threads 1-1,text,true,,1309,183,10,10,136,0,0
1497142775109,137,Search,200,,Scaled-Version_HTTP_noconpool_10_threads 1-4,text,true,,1309,183,10,10,137,0,0
1497142775110,137,Search,200,,Scaled-Version_HTTP_noconpool_10_threads 1-10,text,true,,1309,183,10,10,137,0,0
1497142775117,131,Search,200,,Scaled-Version_HTTP_noconpool_10_threads 1-9,text,true,,1309,191,10,10,131,0,0
1497142775135,140,Login,200,OK,Scaled-Version_HTTP_noconpool_10_threads 1-8,text,true,,11819,217,10,10,139,0,0
1497142775139,136,Search,200,,Scaled-Version_HTTP_noconpool_10_threads 1-7,text,true,,1309,192,10,10,136,0,0
1497142775139,139,Login,200,OK,Scaled-Version_HTTP_noconpool_10_threads 1-5,text,true,,11819,217,10,10,138,0,0
1497142775139,142,Login,200,OK,Scaled-Version_HTTP_noconpool_10_threads 1-3,text,true,,11819,217,10,10,142,0,0
1497142775142,143,Search,200,,Scaled-Version_HTTP_noconpool_10_threads 1-2,text,true,,1309,183,10,10,143,0,0
1497142775142,146,Login,200,OK,Scaled-Version_HTTP_noconpool_10_threads 1-6,text,true,,11819,217,10,10,146,0,0
1497142775247,135,Login,200,OK,Scaled-Version_HTTP_noconpool_10_threads 1-4,text,true,,11819,217,10,10,132,0,0
1497142775247,137,Login,200,OK,Scaled-Version_HTTP_noconpool_10_threads 1-10,text,true,,11819,217,10,10,137,0,0
1497142775249,139,Login,200,OK,Scaled-Version_HTTP_noconpool_10_threads 1-9,text,true,,11819,217,10,10,139,0,0
1497142775275,142,Search,200,,Scaled-Version_HTTP_noconpool_10_threads 1-8,text,true,,1309,192,10,10,142,0,0
1497142775275,142,Login,200,OK,Scaled-Version_HTTP_noconpool_10_threads 1-7,text,true,,11819,217,10,10,142,0,0
1497142775278,142,Search,200,,Scaled-Version_HTTP_noconpool_10_threads 1-5,text,true,,1309,183,10,10,142,0,0
1497142775281,140,Search,200,,Scaled-Version_HTTP_noconpool_10_threads 1-3,text,true,,1309,192,10,10,140,0,0
1497142775288,133,Search,200,,Scaled-Version_HTTP_noconpool_10_threads 1-6,text,true,,1309,192,10,10,133,0,0
1497142775212,267,Login,200,OK,Scaled-Version_HTTP_noconpool_10_threads 1-1,text,true,,11820,217,10,10,267,0,132
1497142775382,133,Search,200,,Scaled-Version_HTTP_noconpool_10_threads 1-4,text,true,,1309,192,10,10,133,0,0
1497142775384,138,Search,200,,Scaled-Version_HTTP_noconpool_10_threads 1-10,text,true,,1309,183,10,10,138,0,0
1497142775389,133,Search,200,,Scaled-Version_HTTP_noconpool_10_threads 1-9,text,true,,1309,192,10,10,133,0,0
1497142775417,133,Search,200,,Scaled-Version_HTTP_noconpool_10_threads 1-7,text,true,,1309,183,10,10,133,0,0
1497142775417,137,Login,200,OK,Scaled-Version_HTTP_noconpool_10_threads 1-8,text,true,,11819,217,10,10,137,0,0
1497142775286,272,Login,200,OK,Scaled-Version_HTTP_noconpool_10_threads 1-2,text,true,,11820,217,10,10,271,0,135
1497142775420,142,Login,200,OK,Scaled-Version_HTTP_noconpool_10_threads 1-5,text,true,,11819,217,10,10,142,0,0
1497142775421,146,Login,200,OK,Scaled-Version_HTTP_noconpool_10_threads 1-6,text,true,,11819,217,10,10,146,0,0
1497142775479,131,Search,200,,Scaled-Version_HTTP_noconpool_10_threads 1-1,text,true,,1309,183,10,10,131,0,0
1497142775522,134,Login,200,OK,Scaled-Version_HTTP_noconpool_10_threads 1-9,text,true,,11819,217,10,10,134,0,0
1497142775522,138,Login,200,OK,Scaled-Version_HTTP_noconpool_10_threads 1-10,text,true,,11819,217,10,10,138,0,0
1497142775551,133,Login,200,OK,Scaled-Version_HTTP_noconpool_10_threads 1-7,text,true,,11819,217,10,10,133,0,0
1497142775554,135,Search,200,,Scaled-Version_HTTP_noconpool_10_threads 1-8,text,true,,1309,191,10,10,135,0,0
1497142775558,142,Search,200,,Scaled-Version_HTTP_noconpool_10_threads 1-2,text,true,,1309,183,10,10,141,0,0
1497142775421,283,Login,200,OK,Scaled-Version_HTTP_noconpool_10_threads 1-3,text,true,,11820,217,10,10,282,0,141
1497142775568,136,Search,200,,Scaled-Version_HTTP_noconpool_10_threads 1-6,text,true,,1309,192,10,10,136,0,0
1497142775610,142,Login,200,OK,Scaled-Version_HTTP_noconpool_10_threads 1-1,text,true,,11819,217,10,10,140,0,0
1497142775515,271,Login,200,OK,Scaled-Version_HTTP_noconpool_10_threads 1-4,text,true,,11820,217,10,10,271,0,132
1497142775657,130,Search,200,,Scaled-Version_HTTP_noconpool_10_threads 1-9,text,true,,1309,183,10,10,130,0,0
1497142775660,131,Search,200,,Scaled-Version_HTTP_noconpool_10_threads 1-10,text,true,,1309,183,10,10,131,0,0
1497142775685,129,Search,200,,Scaled-Version_HTTP_noconpool_10_threads 1-7,text,true,,1309,183,10,10,129,0,0
1497142775689,143,Login,200,OK,Scaled-Version_HTTP_noconpool_10_threads 1-8,text,true,,11819,217,10,10,143,0,0
1497142775700,135,Login,200,OK,Scaled-Version_HTTP_noconpool_10_threads 1-2,text,true,,11819,217,10,10,134,0,0
1497142775563,272,Search,200,,Scaled-Version_HTTP_noconpool_10_threads 1-5,text,true,,1310,183,10,10,272,0,138
1497142775704,138,Search,200,,Scaled-Version_HTTP_noconpool_10_threads 1-3,text,true,,1309,192,10,10,138,0,0
1497142775752,136,Search,200,,Scaled-Version_HTTP_noconpool_10_threads 1-1,text,true,,1309,191,10,10,136,0,0
1497142775788,146,Login,200,OK,Scaled-Version_HTTP_noconpool_10_threads 1-9,text,true,,11819,217,10,10,146,0,0
1497142775787,147,Search,200,,Scaled-Version_HTTP_noconpool_10_threads 1-4,text,true,,1309,183,10,10,147,0,0
1497142775791,144,Login,200,OK,Scaled-Version_HTTP_noconpool_10_threads 1-10,text,true,,11819,217,10,10,144,0,0
1497142775835,145,Login,200,OK,Scaled-Version_HTTP_noconpool_10_threads 1-5,text,true,,11819,217,10,10,137,0,0
1497142775835,145,Search,200,,Scaled-Version_HTTP_noconpool_10_threads 1-2,text,true,,1309,192,10,10,145,0,0
1497142775842,138,Login,200,OK,Scaled-Version_HTTP_noconpool_10_threads 1-3,text,true,,11819,217,10,10,138,0,0
1497142775704,286,Login,200,OK,Scaled-Version_HTTP_noconpool_10_threads 1-6,text,true,,11820,217,10,10,283,0,145
1497142775888,142,Login,200,OK,Scaled-Version_HTTP_noconpool_10_threads 1-1,text,true,,11819,217,10,10,135,0,0
1497142775934,135,Search,200,,Scaled-Version_HTTP_noconpool_10_threads 1-9,text,true,,1309,192,10,10,135,0,0
1497142775935,134,Search,200,,Scaled-Version_HTTP_noconpool_10_threads 1-10,text,true,,1309,191,10,10,134,0,0
1497142775934,135,Login,200,OK,Scaled-Version_HTTP_noconpool_10_threads 1-4,text,true,,11819,217,10,10,135,0,0
1497142775815,285,Login,200,OK,Scaled-Version_HTTP_noconpool_10_threads 1-7,text,true,,11820,217,10,10,285,0,137
1497142775980,132,Search,200,,Scaled-Version_HTTP_noconpool_10_threads 1-5,text,true,,1309,191,10,10,132,0,0
1497142775833,279,Search,200,,Scaled-Version_HTTP_noconpool_10_threads 1-8,text,true,,1310,191,10,10,279,0,139
1497142775980,137,Login,200,OK,Scaled-Version_HTTP_noconpool_10_threads 1-2,text,true,,11819,217,10,10,134,0,0
1497142775980,137,Search,200,,Scaled-Version_HTTP_noconpool_10_threads 1-3,text,true,,1309,183,10,10,137,0,0
1497142775990,131,Search,200,,Scaled-Version_HTTP_noconpool_10_threads 1-6,text,true,,1309,191,10,10,131,0,0
1497142776030,120,Search,Non HTTP response code: java.net.SocketException,Non HTTP response message: Socket closed,Scaled-Version_HTTP_noconpool_10_threads 1-1,text,false,,2675,0,10,10,0,0,0
1497142776070,80,Search,Non HTTP response code: java.net.SocketException,Non HTTP response message: Socket closed,Scaled-Version_HTTP_noconpool_10_threads 1-4,text,false,,2675,0,10,10,0,0,0
1497142776070,81,Login,Non HTTP response code: java.net.SocketException,Non HTTP response message: Socket operation on nonsocket: connect,Scaled-Version_HTTP_noconpool_10_threads 1-10,text,false,,2141,0,8,8,0,0,81
1497142776117,35,Search,Non HTTP response code: java.net.SocketException,Non HTTP response message: Socket closed,Scaled-Version_HTTP_noconpool_10_threads 1-2,text,false,,2675,0,7,7,0,0,0
1497142776112,40,Login,Non HTTP response code: java.net.SocketException,Non HTTP response message: Socket closed,Scaled-Version_HTTP_noconpool_10_threads 1-5,text,false,,2675,0,7,7,0,0,0
1497142776112,41,Login,Non HTTP response code: java.net.SocketException,Non HTTP response message: Socket closed,Scaled-Version_HTTP_noconpool_10_threads 1-8,text,false,,2675,0,5,5,0,0,0
1497142776121,35,Login,Non HTTP response code: java.net.SocketException,Non HTTP response message: Socket closed,Scaled-Version_HTTP_noconpool_10_threads 1-6,text,false,,2675,0,4,4,0,0,0
1497142776070,85,Login,Non HTTP response code: java.net.SocketException,Non HTTP response message: Socket operation on nonsocket: connect,Scaled-Version_HTTP_noconpool_10_threads 1-9,text,false,,2141,0,3,3,0,0,85
1497142776100,57,Search,Non HTTP response code: java.net.SocketException,Non HTTP response message: Socket closed,Scaled-Version_HTTP_noconpool_10_threads 1-7,text,false,,2675,0,2,2,0,0,0
1497142776117,40,Login,Non HTTP response code: java.net.SocketException,Non HTTP response message: Socket closed,Scaled-Version_HTTP_noconpool_10_threads 1-3,text,false,,2675,0,2,2,0,0,0
